RNK,first,last,TEAM,POS,TYPE,    K,    W,  ERA, WHIP, SVHD
1,Clayton,Kershaw,LAD,SP,ROCK,254,19,2.19,0.86,0
2,Max,Scherzer,Wsh,SP,SLUG,272,17,2.99,1.01,0
3,Madison,Bumgarner,SF,SP,ROCK,234,17,2.77,1.05,0
4,Chris,Sale,Bos,SP,SCHR,228,16,3.57,1.11,0
5,Corey,Kluber,Cle,SP,CV,233,15,3.3,1.08,0
6,Jake,Arrieta,ChC,SP,SLUG,194,15,3,1.05,0
7,Noah,Syndergaard,NYM,SP,CV,226,14,2.91,1.11,0
8,David,Price,Bos,SP,SCHR,223,16,3.5,1.17,0
9,Justin,Verlander,Det,SP,FWB,213,16,3.21,1.1,0
10,Jon,Lester,ChC,SP,GS,192,16,2.93,1.08,0
11,Johnny,Cueto,SF,SP,SB,192,15,3.12,1.12,0
12,Chris,Archer,TB,SP,GS,233,14,3.34,1.2,0
13,Carlos,Carrasco,Cle,SP,ZADZ,200,13,3.22,1.1,0
14,Yu,Darvish,Tex,SP,ZADZ,201,13,3.33,1.21,0
15,Stephen,Strasburg,Wsh,SP,FWB,183,11,3.28,1.13,0
16,Jacob,deGrom,NYM,SP,MS,168,12,3.19,1.17,0
17,Kenley,Jansen,LAD,RP,SLUG,93,4,2.28,0.81,43
18,Carlos,Martinez,StL,SP,GS,181,14,3.16,1.23,0
19,Zach,Britton,Bal,RP,ROCK,75,4,1.72,0.93,43
20,Aroldis,Chapman,NYY,RP,SLUG,111,4,1.83,0.99,42
21,Kyle,Hendricks,ChC,SP,SLUG,160,14,3.14,1.11,0
22,Mark,Melancon,SF,RP,SCHR,66,4,2.31,0.97,39
23,Zack,Greinke,Ari,SP,ROCK,173,13,3.64,1.2,0
24,Masahiro,Tanaka,NYY,SP,CV,187,14,3.25,1.09,0
25,Gerrit,Cole,Pit,SP,ZADZ,155,12,3.46,1.25,0
26,Roberto,Osuna,Tor,RP,SLUG,81,4,3.04,0.97,37
27,Jose,Quintana,CWS,SP,SCHR,178,13,3.47,1.22,0
28,Kenta,Maeda,LAD,SP,SHAW,164,11,3.53,1.16,0
29,Cole,Hamels,Tex,SP,SHAW,202,14,3.57,1.29,0
30,Kevin,Gausman,Bal,SP,ZADZ,183,12,3.52,1.21,0
31,Craig,Kimbrel,Bos,RP,ROCK,80,4,2.95,1.13,39
32,Edwin,Diaz,Sea,RP,SCHR,87,4,3,1.12,42
33,Wade,Davis,ChC,RP,FWB,80,4,2.05,1.03,37
34,Rick,Porcello,Bos,SP,SB,168,15,3.56,1.16,0
35,Aaron,Sanchez,Tor,SP,SLUG,164,14,3.34,1.27,0
36,Jeurys,Familia,NYM,RP,MS,64,3,2.75,1.14,38
37,Julio,Teheran,Atl,SP,CV,181,12,3.56,1.18,0
38,Felix,Hernandez,Sea,SP,MS,174,12,3.66,1.24,0
39,Ken,Giles,Hou,RP,ZADZ,98,4,3,1.19,37
40,Danny,Duffy,KC,"SP,",MS,200,14,3.28,1.16,0
41,Danny,Salazar,Cle,SP,SCHR,182,10,3.86,1.32,0
42,Andrew,Miller,Cle,RP,SCHR,97,5,1.97,0.84,31
43,Seung,Hwan,"Oh,",,ROCK,95,5,2.34,0.97,41
44,John,Lackey,ChC,SP,FWB,172,13,3.6,1.21,0
45,Matt,Harvey,NYM,SP,CV,104,6,3.91,1.26,0
46,Anthony,DeSclafani,Cin,SP,SHAW,161,11,3.83,1.23,0
47,Michael,Fulmer,Det,SP,GS,157,12,3.5,1.15,0
48,Drew,Pomeranz,Bos,SP,MS,154,12,3.59,1.25,0
49,Marcus,Stroman,Tor,SP,FWB,175,13,3.78,1.23,0
50,Drew,Smyly,Sea,SP,GS,192,11,3.89,1.22,0
51,Rich,Hill,LAD,SP,ROCK,136,10,2.86,1.14,0
52,David,Robertson,CWS,RP,SB,81,3,3.52,1.19,37
53,Kelvin,Herrera,KC,RP,SLUG,74,4,2.66,1.08,40
54,Hisashi,Iwakuma,Sea,SP,CV,147,11,3.96,1.23,0
55,Tanner,Roark,Wsh,SP,SHAW,152,13,3.74,1.25,0
56,Dallas,Keuchel,Hou,SP,MS,170,13,3.67,1.2,0
57,Dellin,Betances,NYY,RP,CV,110,5,2.22,1.05,37
58,Jake,Odorizzi,TB,SP,GS,169,11,3.78,1.21,0
59,Jeff,Samardzija,SF,SP,SB,163,12,3.85,1.21,0
60,Sonny,Gray,Oak,SP,ZADZ,135,9,3.93,1.25,0
61,Tony,Watson,Pit,RP,CV,66,4,3.18,1.07,41
62,Adam,Wainwright,StL,SP,SB,152,11,4.07,1.32,0
63,Alex,Colome,TB,RP,CV,75,4,2.53,1.08,41
64,Marco,Estrada,Tor,SP,FA,160,12,3.68,1.17,0
65,Aaron,Nola,Phi,SP,FA,133,8,3.79,1.23,0
66,Jon,Gray,Col,SP,ZADZ,186,12,3.9,1.34,0
67,Alex,Reyes,StL,SP,SHAW,152,8,3.89,1.36,0
68,Cody,Allen,Cle,RP,MS,83,4,2.61,1.12,33
69,Steven,Matz,NYM,SP,ROCK,148,11,3.27,1.2,0
70,Francisco,Rodriguez,Det,RP,SB,54,3,3,1.11,38
71,Carlos,Rodon,CWS,SP,MS,178,10,3.78,1.33,0
72,Raisel,Iglesias,Cin,RP,ROCK,88,4,3.04,1.14,27
73,J.A.,Happ,Tor,SP,FWB,156,12,3.71,1.28,0
74,Sean,Manaea,Oak,SP,SLUG,178,11,3.63,1.21,0
75,Gio,Gonzalez,Wsh,SP,FA,153,10,4.05,1.34,0
76,Sam,Dyson,Tex,RP,SHAW,55,4,3.25,1.25,33
77,Taijuan,Walker,Ari,SP,FA,148,9,4.23,1.28,0
78,Chris,Tillman,Bal,SP,SHAW,147,11,3.99,1.24,0
79,Vince,Velasquez,Phi,SP,MS,179,9,3.84,1.25,0
80,A.J.,Ramos,Mia,RP,MS,73,4,2.73,1.3,41
81,Jameson,Taillon,Pit,SP,ROCK,147,11,3.6,1.21,0
82,Matt,Shoemaker,LAA,SP,FA,178,11,3.78,1.18,0
83,Robbie,Ray,Ari,SP,FA,186,10,4.15,1.37,0
84,Ivan,Nova,Pit,SP,FA,139,11,3.83,1.25,0
85,Matt,Moore,SF,SP,CV,182,12,3.78,1.27,0
86,Michael,Pineda,NYY,SP,MS,206,11,3.86,1.22,0
87,Adam,Ottavino,Col,RP,FA,58,3,3,1.14,32
88,Eduardo,Rodriguez,Bos,SP,FWB,123,9,3.97,1.25,0
89,Joe,Ross,Wsh,SP,FA,136,10,3.5,1.22,0
90,Hector,Neris,Phi,RP,FA,83,4,3.41,1.22,35
91,Lance,McCullers,Hou,SP,MS,163,9,3.37,1.32,0
92,Brandon,Maurer,SD,RP,FA,72,3,3.39,1.13,31
93,Jason,Hammel,KC,SP,SB,152,9,4.07,1.21,0
94,Julio,Urias,LAD,SP,FWB,134,8,3.6,1.18,0
95,James,Paxton,Sea,SP,FA,172,11,3.69,1.24,0
96,Jim,Johnson,Atl,RP,SCHR,60,3,3.55,1.32,31
97,Ian,Kennedy,KC,SP,FWB,178,11,3.85,1.27,0
98,Addison,Reed,NYM,RP,CV,84,4,2.72,1.08,35
99,Zach,Davies,Mil,SP,FA,157,11,3.64,1.19,0
100,Ryan,Madson,Oak,RP,ZADZ,56,3,3.77,1.23,30
101,Blake,Snell,TB,SP,FA,163,9,3.7,1.38,0
102,Michael,Lorenzen,Cin,RP,FA,78,5,2.89,1.13,23
103,Steven,Wright,Bos,RP,FA,85,7,3.58,1.27,0
104,Neftali,Feliz,Mil,RP,FA,60,3,4.02,1.2,36
105,Michael,Wacha,StL,RP,GS,72,5,3.87,1.29,0
106,Jordan,Zimmermann,Det,SP,GS,114,9,4.06,1.24,0
107,Santiago,Casilla,Oak,RP,SHAW,54,3,3.1,1.16,11
108,Jerad,Eickhoff,Phi,SP,ZADZ,175,10,3.9,1.22,0
109,Cam,Bedrosian,LAA,RP,ROCK,68,4,2.57,1.22,34
110,Tyler,Glasnow,Pit,SP,MS,83,5,3.78,1.42,0
111,Garrett,Richards,LAA,SP,FA,154,11,3.49,1.28,0
112,Dylan,Bundy,Bal,"SP,",ZADZ,158,10,3.89,1.27,0
113,Scott,Kazmir,LAD,SP,FA,135,9,4.12,1.29,0
114,Fernando,Rodney,Ari,RP,FWB,66,3,4.36,1.48,27
115,Jaime,Garcia,Atl,SP,FA,128,8,4,1.29,0
116,Nate,Jones,CWS,RP,GS,81,4,2.7,0.97,27
117,Mauricio,Cabrera,Atl,RP,SHAW,65,3,3.5,1.3,18
118,Alex,Cobb,TB,SP,ZADZ,135,9,3.84,1.29,0
119,Shawn,Kelley,Wsh,RP,FA,73,3,2.95,1.02,30
120,Collin,McHugh,Hou,SP,SB,176,11,4.14,1.29,0
121,Kyle,Barraclough,Mia,RP,GS,96,4,2.41,1.28,32
122,Mike,Foltynewicz,Atl,SP,FA,155,8,4.18,1.33,0
123,Trevor,Rosenthal,StL,RP,FA,58,3,3.95,1.42,0
124,Trevor,Bauer,Cle,SP,SLUG,168,11,4.13,1.35,0
125,Bartolo,Colon,Atl,SP,SB,111,9,4.24,1.33,0
126,Joaquin,Benoit,Phi,RP,FA,54,2,3.35,1.25,24
127,Lucas,Giolito,CWS,SP,ROCK,41,2,4.03,1.37,0
128,Brad,Brach,Bal,RP,FA,88,5,2.73,1.14,27
129,Mike,Fiers,Hou,SP,FA,151,9,4.19,1.29,0
130,Jose,Berrios,Min,SP,FA,77,5,3.77,1.24,0
131,Joakim,Soria,KC,RP,FA,67,3,3.49,1.28,35
132,Jeremy,Hellickson,Phi,SP,FA,173,10,3.95,1.21,0
133,Brandon,Kintzler,Min,RP,FA,36,3,3.16,1.18,25
134,Mike,Leake,StL,SP,FA,121,10,4.22,1.27,0
135,Brandon,Finnegan,Cin,SP,FA,161,10,3.86,1.35,0
136,Luis,Severino,NYY,"SP,",FA,107,7,3.77,1.22,0
137,Tyler,Anderson,Col,SP,FA,142,12,3.83,1.31,0
138,Jeanmar,Gomez,Phi,RP,SHAW,47,3,4.17,1.36,20
139,Kendall,Graveman,Oak,SP,FA,117,11,3.89,1.36,0
140,Tyler,Thornburg,Bos,RP,GS,68,3,3.29,1.24,28
141,Ryan,Dull,Oak,RP,FA,70,4,2.88,1.04,19
142,Matt,Bush,Tex,RP,FA,65,4,2.39,1,24
143,Shelby,Miller,Ari,SP,FA,126,8,4.56,1.43,0
144,Daniel,Hudson,Pit,RP,FA,71,3,4.24,1.38,24
145,Ervin,Santana,Min,SP,SHAW,151,12,3.77,1.3,0
146,Dan,Straily,Mia,SP,FA,164,10,3.96,1.28,0
147,Junior,Guerra,Mil,SP,FWB,138,10,3.48,1.28,0
148,Will,Harris,Hou,RP,SCHR,70,4,2.73,1.12,28
149,Jharel,Cotton,Oak,SP,FA,152,9,3.65,1.14,0
150,Tyson,Ross,Tex,SP,FA,97,6,3.69,1.28,0
151,Joe,Kelly,Bos,RP,FA,72,3,3.66,1.28,10
152,Robert,Gsellman,NYM,SP,FA,125,8,3.71,1.31,0
153,Joe,Musgrove,Hou,SP,FA,145,10,3.72,1.18,0
154,Carter,Capps,SD,RP,FA,58,2,2.63,1.1,6
155,Tyler,Chatwood,Col,SP,FA,119,11,4.03,1.43,0
156,Jose,De,"Leon,",,ZADZ,52,3,3.94,1.25,0
157,Mike,Montgomery,ChC,"SP,",FA,128,8,3.66,1.3,4
158,Grant,Dayton,LAD,RP,FA,77,4,2.59,1,18
159,Blake,Treinen,Wsh,RP,FA,55,4,3,1.27,33
160,Wei-Yin,Chen,Mia,SP,FA,131,8,4.14,1.22,0
161,Dan,Otero,Cle,RP,FA,47,4,2.82,1.12,10
162,Hunter,Strickland,SF,RP,FA,67,4,2.59,1.08,20
163,Francisco,Liriano,Tor,SP,FA,167,10,4.13,1.32,0
164,Joe,Blanton,FA,RP,FA,76,4,3.12,1.13,20
165,Bryan,Shaw,Cle,RP,FA,61,4,3.14,1.23,24
166,David,Phelps,Mia,RP,FWB,73,4,3.67,1.33,19
167,Chad,Kuhl,Pit,SP,FA,89,8,3.86,1.27,0
168,Greg,Holland,Col,RP,FA,58,3,2.87,1.26,8
169,Josh,Tomlin,Cle,SP,SB,135,10,4.38,1.2,0
170,Tyler,Skaggs,LAA,SP,FA,136,9,3.66,1.31,0
171,Carl,Edwards,ChC,RP,FA,50,2,2.85,1.24,8
172,R.A.,Dickey,Atl,SP,FA,146,9,4.13,1.34,0
173,Luis,Perdomo,SD,"RP,",FA,--,--,--,--,--
174,Edinson,Volquez,Mia,SP,FA,145,10,4.04,1.4,0
175,Hector,Rondon,ChC,RP,ZADZ,57,3,2.95,1.02,24
176,Lance,Lynn,StL,SP,FA,115,8,3.74,1.35,0
177,Mychal,Givens,Bal,RP,FA,87,4,2.88,1.21,15
178,Daniel,Norris,Det,SP,FA,128,8,4.16,1.34,0
179,Jesse,Chavez,LAA,"SP,",FA,135,8,4.29,1.32,0
180,Drew,Hutchison,Pit,RP,FA,84,5,3.94,1.27,0
181,Michael,Feliz,Hou,RP,FA,85,4,3.55,1.21,10
182,Ricky,Nolasco,LAA,SP,FA,163,10,4.31,1.27,0
183,Archie,Bradley,Ari,SP,FA,144,9,4.13,1.43,0
184,Darren,O'Day,Bal,RP,ZADZ,76,4,3,1.06,19
185,CC,Sabathia,NYY,SP,FA,158,9,4.48,1.33,0
186,Pedro,Baez,LAD,RP,FA,79,4,3.42,1.07,19
187,Luke,Weaver,StL,SP,FA,50,3,3.63,1.27,0
188,Clay,Buchholz,Phi,"SP,",FA,107,6,4,1.21,0
189,Miguel,Gonzalez,CWS,SP,FA,133,9,4.24,1.33,0
190,Luke,Gregerson,Hou,RP,FA,69,3,3.1,1.03,13
191,Adam,Conley,Mia,SP,GS,135,9,3.86,1.37,0
192,Steven,Brault,Pit,SP,FA,110,6,4.15,1.4,0
193,Jonathan,Papelbon,Wsh,RP,FA,--,--,--,--,--
194,Martin,Perez,Tex,SP,FA,134,11,4.22,1.39,0
195,Huston,Street,LAA,RP,FA,45,2,4.25,1.34,20
196,Matt,Wisler,Atl,RP,FA,47,2,4.58,1.35,0
197,Zack,Wheeler,NYM,SP,FA,35,2,3.92,1.44,0
198,Arodys,Vizcaino,Atl,RP,FA,59,2,3.45,1.32,19
199,Kyle,Gibson,Min,SP,FA,135,9,4.55,1.43,0
200,Tyler,Clippard,NYY,RP,FA,72,4,3.31,1.21,25
201,Nathan,Karns,KC,SP,FA,141,8,4.12,1.36,0
202,Matt,Andriese,TB,SP,FA,135,8,3.95,1.22,0
203,Brad,Hand,SD,RP,FA,95,5,3.07,1.16,20
204,James,Shields,CWS,SP,FA,173,8,4.69,1.44,0
205,Tony,Cingrani,Cin,RP,FA,66,3,4.15,1.45,15
206,Matt,Strahm,KC,SP,FA,156,9,3.56,1.19,0
207,Chris,Devenski,Hou,RP,FA,83,4,3.48,1.19,9
208,Charlie,Morton,Hou,SP,FA,87,6,4.09,1.3,0
209,Felipe,Rivero,Pit,RP,FA,83,4,3.55,1.26,26
210,Andrew,Triggs,Oak,SP,FA,108,7,3.57,1.22,0
211,Jimmy,Nelson,Mil,SP,FA,109,7,4.21,1.38,0
212,Corey,Knebel,Mil,RP,FA,54,3,3.38,1.25,21
213,Ariel,Miranda,Sea,RP,FA,53,4,4.25,1.31,0
214,Hector,Santiago,Min,SP,FA,126,9,4.53,1.38,0
215,Brad,Ziegler,Mia,RP,SB,55,3,3,1.27,24
216,Josh,Hader,Mil,SP,FA,--,--,--,--,--
217,Homer,Bailey*,Cin,SP,FA,127,8,4.11,1.33,0
218,Seth,Lugo,NYM,"SP,",FA,118,7,4.34,1.34,0
219,Matt,Boyd,Det,RP,FA,64,4,4.26,1.35,0
220,Pedro,Strop,ChC,RP,FA,58,3,2.63,1.02,20
221,Colby,Lewis,FA,SP,FA,110,8,4.36,1.26,0
222,Ryan,Buchter,SD,RP,FA,86,3,3.27,1.17,24
223,Tom,Koehler,Mia,SP,SLUG,146,9,4.3,1.42,0
224,Koji,Uehara,ChC,RP,SB,49,2,2.93,0.98,19
225,Jesse,Hahn,Oak,SP,FA,18,1,4.33,1.48,0
226,Yovani,Gallardo,Sea,SP,FA,105,8,4.35,1.43,0
227,Carlos,Torres,Mil,RP,FA,72,4,3.39,1.23,16
228,Tyler,Duffey,Min,SP,FA,98,7,4.4,1.33,0
229,Hyun-Jin,Ryu,LAD,SP,FA,55,4,3.84,1.23,0
230,Jason,Grilli,Tor,RP,FA,65,3,4.34,1.38,20
231,Patrick,Corbin,Ari,RP,FA,60,3,4.9,1.49,0
232,Brent,Honeywell,TB,SP,FA,--,--,--,--,--
233,Erasmo,Ramirez,TB,RP,FA,65,4,3.69,1.25,19
234,Brandon,McCarthy,LAD,RP,FA,50,3,4.12,1.29,0
235,Jeremy,Jeffress,Tex,RP,FA,49,3,3.05,1.32,19
236,Reynaldo,Lopez,CWS,RP,FA,85,4,4.22,1.3,0
237,Phil,Hughes,Min,SP,FA,83,6,4.76,1.31,0
238,Brett,Cecil,StL,RP,FA,62,3,2.82,1.16,12
239,Andrew,Cashner,Tex,SP,FA,114,7,4.91,1.5,0
240,Bruce,Rondon,Det,RP,FA,44,2,3.65,1.27,7
241,Chad,Bettis,Col,SP,FA,152,10,4.6,1.39,0
242,Drew,Storen,Cin,RP,FA,66,3,3.71,1.19,12
243,Alex,Wood,LAD,RP,FA,59,4,3.44,1.21,0
244,Juan,Nicasio,Pit,"RP,",FA,77,4,3.99,1.33,10
245,Jake,Thompson,Phi,SP,FA,34,2,3.98,1.26,0
246,Zach,McAllister,Cle,RP,FA,51,3,3.81,1.35,10
247,Aaron,Blair,Atl,RP,FA,57,3,4.5,1.41,0
248,Trevor,May,Min,RP,FA,52,2,4.06,1.31,5
249,Jose,Urena,Mia,"RP,",FA,15,1,4.5,1.35,0
250,Luis,Cessa,NYY,RP,FA,85,5,3.99,1.19,0
251,Alec,Asher,Phi,SP,FA,23,2,4.06,1.19,0
252,Yimi,Garcia*,LAD,RP,FA,--,--,--,--,--
253,LaTroy,Hawkins,Tor,RP,FA,--,--,--,--,--
254,Bruce,Chen,Cle,SP,FA,--,--,--,--,--
255,Rafael,Betancourt,Col,RP,FA,--,--,--,--,--
256,Joe,Nathan,Wsh,RP,FA,38,2,3.65,1.57,4
257,Tim,Hudson,SF,SP,FA,--,--,--,--,--
258,Randy,Wolf,Det,SP,FA,--,--,--,--,--
259,A.J.,Burnett,Pit,SP,FA,--,--,--,--,--
260,Buddy,Carlyle,NYM,RP,FA,--,--,--,--,--
261,Barry,Zito,Oak,SP,FA,--,--,--,--,--
262,Jason,Marquis,Cin,SP,FA,--,--,--,--,--
263,Randy,Choate,Tor,RP,FA,--,--,--,--,--
264,Mark,Buehrle,Tor,SP,FA,--,--,--,--,--
265,Ryan,Vogelsong,Min,RP,FA,18,1,4.5,1.43,0
266,Rafael,Soriano,Tor,RP,FA,--,--,--,--,--
267,Joe,Beimel,Sea,RP,FA,--,--,--,--,--
268,Scott,Atchison,Cle,RP,FA,--,--,--,--,--
269,Kyle,Lohse,Tex,SP,FA,--,--,--,--,--
270,Grant,Balfour,TB,RP,FA,--,--,--,--,--
271,Jake,Peavy,FA,"SP,",FA,57,3,4.57,1.33,0
272,Jerome,Williams,FA,RP,FA,19,1,5.91,1.57,0
273,Jeremy,Affeldt,SF,RP,FA,--,--,--,--,--
274,Aaron,Harang,Phi,SP,FA,--,--,--,--,--
275,Oliver,Perez,Wsh,RP,FA,43,2,4.17,1.41,12
276,Jeremy,Guthrie,Wsh,SP,FA,--,--,--,--,--
277,Sean,Burnett,Phi,RP,FA,10,1,3,1.17,0
278,Javier,Lopez,FA,RP,FA,22,2,3.34,1.34,10
279,Chris,Capuano,FA,RP,FA,38,2,4.8,1.51,0
280,Adam,Loewen,Tex,RP,FA,--,--,--,--,--
281,Dan,Haren,ChC,SP,FA,--,--,--,--,--
282,Kevin,Correia,Phi,SP,FA,--,--,--,--,--
283,Chin-Hui,Tsao,LAD,RP,FA,--,--,--,--,--
284,Kevin,Gregg,Sea,RP,FA,--,--,--,--,--
285,Neal,Cotts,Wsh,RP,FA,--,--,--,--,--
286,Matt,Thornton,SD,RP,FA,--,--,--,--,--
287,Matt,Belisle,Min,RP,FA,34,3,2.87,1.3,3
288,Edwin,Jackson,FA,"RP,",FA,62,3,5.76,1.57,0
289,Jorge,De,La,,FA,130,7,4.34,1.45,0
290,Dustin,McGowan,Mia,RP,FA,61,3,3.86,1.4,0
291,Gavin,Floyd,Tor,RP,FA,20,1,3.86,1.19,0
292,David,Aardsma,Tor,RP,FA,--,--,--,--,--
293,Jason,Frasor,Atl,RP,FA,--,--,--,--,--
294,Chad,Qualls,Col,RP,FA,38,2,5.36,1.43,8
295,Jeff,Francis,Tor,RP,FA,--,--,--,--,--
296,Chris,Young,KC,RP,FA,51,3,4.98,1.46,0
297,Logan,Kensing,Det,RP,FA,10,1,4.5,1.57,0
298,Matt,Cain,SF,RP,FA,79,4,5.13,1.43,0
299,Tim,Stauffer,Ari,RP,FA,--,--,--,--,--
300,Kyle,Davies,NYY,RP,FA,--,--,--,--,--
301,Chien-Ming,Wang,KC,"SP,",FA,--,--,--,--,--
302,Chris,Narveson,Cle,RP,FA,--,--,--,--,--
303,Zach,Duke,StL,RP,FA,--,--,--,--,--
304,Scott,Baker,LAD,SP,FA,--,--,--,--,--
305,Wandy,Rodriguez,Hou,SP,FA,--,--,--,--,--
306,Joel,Peralta,ChC,RP,FA,--,--,--,--,--
307,C.J.,Wilson,FA,RP,FA,40,3,4.32,1.38,0
308,J.P.,Howell,Tor,RP,FA,39,3,4.02,1.4,0
309,Blaine,Boyer,Atl,RP,FA,36,3,3.66,1.36,10
310,Jason,Vargas,KC,SP,FA,101,7,4.33,1.33,0
311,Dana,Eveland,TB,RP,FA,16,1,4.29,1.48,1
312,Roberto,Hernandez,Atl,SP,FA,--,--,--,--,--
313,Craig,Breslow,Min,RP,FA,--,--,--,--,--
314,Jonathan,Broxton,StL,RP,FA,53,3,3.84,1.28,15
315,Scott,Feldman,Cin,RP,FA,75,6,4.54,1.38,0
316,Shaun,Marcum,Cle,SP,FA,--,--,--,--,--
317,Tom,Gorzelanny,NYM,RP,FA,--,--,--,--,--
318,Yusmeiro,Petit,LAA,RP,FA,59,3,4.15,1.2,0
319,Anibal,Sanchez,Det,"SP,",FA,121,7,4.8,1.36,0
320,Chad,Billingsley,Phi,SP,FA,--,--,--,--,--
321,Jered,Weaver,FA,SP,SB,122,8,4.98,1.38,0
322,Glen,Perkins,Min,RP,FA,21,1,3.86,1.19,0
323,Boone,Logan,Cle,RP,FA,48,2,3.79,1.21,4
324,Peter,Moylan,FA,RP,FA,26,2,3.86,1.34,0
325,Casey,Janssen,SD,RP,FA,--,--,--,--,--
326,Carlos,Villanueva,FA,RP,FA,61,3,4.98,1.29,0
327,Pat,Neshek,Phi,RP,FA,48,3,3.29,1,20
328,Edward,Mujica,Det,RP,FA,12,1,4.74,1.32,0
329,Nick,Masset,Wsh,RP,FA,--,--,--,--,--
330,Mike,Pelfrey,Det,RP,FA,59,5,5.12,1.59,0
331,Mark,Lowe,Det,RP,FA,45,2,5.25,1.42,11
332,Matt,Albers,Wsh,RP,FA,22,1,5.06,1.44,0
333,Matt,Garza,Mil,SP,FA,84,5,4.66,1.44,0
334,Eric,O'Flaherty,Atl,RP,FA,27,1,5.81,1.68,0
335,Eric,Stults,Atl,SP,FA,--,--,--,--,--
336,Cesar,Jimenez,Mil,RP,FA,--,--,--,--,--
337,Ubaldo,Jimenez,Bal,SP,FA,125,7,4.8,1.47,0
338,John,Danks,Atl,RP,FA,18,1,4.85,1.42,0
339,Luke,Hochevar,FA,RP,FA,53,2,3.78,1.14,10
340,Adam,Miller,Pit,RP,FA,--,--,--,--,--
341,Tony,Sipp,Hou,RP,FA,57,2,4.13,1.25,13
342,Franklin,Morales,Tor,RP,FA,--,--,--,--,--
343,Ross,Ohlendorf,FA,RP,FA,--,--,--,--,--
344,Alfredo,Simon,FA,RP,FA,40,2,5.7,1.55,0
345,Tim,Lincecum,FA,SP,FA,--,--,--,--,--
346,Joe,Smith,Tor,RP,FA,39,2,3.42,1.22,17
347,Brandon,Morrow,LAD,RP,FA,16,1,5.48,1.65,0
348,Zack,Segovia,SD,SP,FA,--,--,--,--,--
349,Julio,DePaula,Ari,RP,FA,--,--,--,--,--
350,Kyle,Kendrick,Bos,SP,FA,--,--,--,--,--
351,Jo-Jo,Reyes,Mia,"SP,",FA,--,--,--,--,--
352,Manny,Parra,ChC,RP,FA,--,--,--,--,--
353,Joe,Thatcher,Cle,RP,FA,--,--,--,--,--
354,Aaron,Laffey,Wsh,RP,FA,--,--,--,--,--
355,Joba,Chamberlain,Mil,RP,FA,--,--,--,--,--
356,Radhames,Liz,Pit,RP,FA,--,--,--,--,--
357,Chris,Volstad,Atl,RP,FA,--,--,--,--,--
358,Ross,Detwiler,Oak,"RP,",FA,25,2,4.97,1.5,0
359,Jerry,Blevins,NYM,RP,FA,38,2,3.15,1.23,10
360,Sergio,Valenzuela,Cin,SP,FA,--,--,--,--,--
361,Wesley,Wright,Tex,RP,FA,--,--,--,--,--
362,Matt,Harrison,Phi,SP,FA,--,--,--,--,--
363,Jake,McGee,Col,RP,FA,47,2,4.04,1.33,17
364,Brian,Duensing,ChC,RP,FA,14,1,3.86,1.33,0
365,Collin,Balester,Cin,RP,FA,--,--,--,--,--
366,Justin,Masterson,Bos,"SP,",FA,--,--,--,--,--
367,Burke,Badenhop,Wsh,RP,FA,--,--,--,--,--
368,Chris,Smith,Oak,RP,FA,24,1,4.15,1.38,0
369,Sergio,Romo,FA,RP,ROCK,50,2,3.4,1.07,22
370,Clayton,Richard,SD,SP,FA,96,7,4.13,1.5,0
371,Tommy,Hunter,FA,RP,FA,39,3,3.6,1.24,0
372,Francisley,Bueno,ChC,SP,FA,--,--,--,--,--
373,Phil,Coke,Pit,RP,FA,--,--,--,--,--
374,Wade,LeBlanc,Pit,RP,FA,18,1,4.13,1.33,0
375,Jonathon,Niese,FA,"SP,",FA,80,5,4.74,1.45,0
376,Bobby,Parnell,KC,RP,FA,--,--,--,--,--
377,Jason,Motte,Col,RP,FA,30,2,5.32,1.5,2
378,Kevin,Jepsen,Ari,RP,FA,41,2,4.2,1.38,10
379,Jordan,Walden,FA,RP,FA,15,1,3.21,1.36,0
380,Fernando,Rodriguez,ChC,RP,FA,46,3,3.98,1.26,0
381,Sean,O'Sullivan,Bos,SP,FA,--,--,--,--,--
382,Casey,Fien,Sea,RP,FA,37,2,4.62,1.22,3
383,Arnold,Leon,Tor,RP,FA,--,--,--,--,--
384,Sergio,Santos,NYY,RP,FA,--,--,--,--,--
385,Esmailin,Caridad,ChC,RP,FA,--,--,--,--,--
386,Jess,Todd,Bos,SP,FA,--,--,--,--,--
387,Cesar,Ramos,Phi,RP,FA,--,--,--,--,--
388,Aaron,Thompson,Min,RP,FA,--,--,--,--,--
389,Dale,Thayer,Bal,RP,FA,--,--,--,--,--
390,Lucas,Harrell,Tor,RP,FA,25,2,4.62,1.59,0
391,Brian,Matusz,Ari,RP,FA,--,--,--,--,--
392,Ernesto,Frieri,Phi,RP,FA,--,--,--,--,--
393,Esmil,Rogers,NYY,RP,FA,--,--,--,--,--
394,Cesar,Carrillo,Ari,SP,FA,--,--,--,--,--
395,Ryan,Webb,Mil,RP,FA,--,--,--,--,--
396,Marcos,Mateo,SD,RP,FA,--,--,--,--,--
397,Brett,Anderson,ChC,SP,FA,38,3,4.57,1.39,0
398,Trevor,Cahill,SD,RP,FA,78,4,4.45,1.52,0
399,David,Hernandez,SF,RP,FA,58,2,4.42,1.47,10
400,Felix,Doubront,Oak,RP,FA,15,1,4.29,1.43,0
401,Samuel,Deduno,Hou,RP,FA,--,--,--,--,--
402,Mike,Dunn,Col,RP,FA,64,3,4.57,1.41,16
403,Todd,Redmond,Bal,RP,FA,--,--,--,--,--
404,Cesar,Valdez,Oak,SP,FA,--,--,--,--,--
405,Junichi,Tazawa,Mia,RP,SB,56,2,3.53,1.2,7
406,Andrew,Bailey,LAA,RP,FA,37,2,4.83,1.37,8
407,Anthony,Ortega,KC,RP,FA,--,--,--,--,--
408,Antonio,Bastardo,Pit,RP,FA,75,3,3.95,1.3,14
409,David,Huff,LAA,"RP,",FA,--,--,--,--,--
410,Dillon,Gee,Tex,RP,FA,19,1,5.14,1.43,0
411,Donnie,Veal,Tex,RP,FA,--,--,--,--,--
412,Brooks,Brown,LAD,RP,FA,--,--,--,--,--
413,Tim,Alderson,Bal,SP,FA,--,--,--,--,--
414,Jhoulys,Chacin,SD,"SP,",FA,119,7,4.41,1.45,0
415,Derek,Holland,CWS,SP,FA,58,4,4.5,1.36,0
416,Vin,Mazzaro,SF,RP,FA,--,--,--,--,--
417,Anthony,Swarzak,CWS,RP,FA,23,2,4.64,1.27,0
418,Ronald,Belisario,TB,RP,FA,--,--,--,--,--
419,Arturo,Lopez,SD,SP,FA,--,--,--,--,--
420,Matt,Buschmann,Ari,"SP,",FA,--,--,--,--,--
421,Jeff,Howell,Wsh,SP,FA,--,--,--,--,--
422,Sam,LeCure,Ari,RP,FA,--,--,--,--,--
423,Tony,Barnette,Tex,RP,FA,56,3,3.57,1.22,14
424,Ryan,Brasier,Oak,RP,FA,--,--,--,--,--
425,Mat,Latos,FA,SP,FA,39,3,4.25,1.4,0
426,Brad,Mills,Sea,SP,FA,--,--,--,--,--
427,Josh,Fields,LAD,RP,FA,34,2,3.41,1.21,0
428,Justin,Jackson,Atl,RP,FA,--,--,--,--,--
429,Phillippe,Aumont,CWS,SP,FA,--,--,--,--,--
430,Ryan,Mattheus,Cin,RP,FA,--,--,--,--,--
431,Kris,Medlen,FA,RP,FA,16,1,4.74,1.53,0
432,Craig,Stammen,SD,RP,FA,--,--,--,--,--
433,Marc,Rzepczynski,Sea,RP,FA,50,2,3.48,1.45,15
434,Bud,Norris,LAA,"RP,",FA,--,--,--,--,--
435,Doug,Fister,FA,SP,FA,96,8,4.68,1.41,0
436,Jeff,Manship,FA,RP,FA,--,--,--,--,--
437,Dan,Runzler,Pit,RP,FA,--,--,--,--,--
438,John,Axford,Oak,RP,FA,64,3,4,1.43,17
439,Deolis,Guerra,LAA,RP,FA,50,3,3.5,1.17,5
440,Anthony,Varvaro,Bos,RP,FA,--,--,--,--,--
441,Steve,Johnson,Sea,RP,FA,--,--,--,--,--
442,Blake,Wood,Cin,RP,FA,77,3,3.95,1.42,14
443,Logan,Ondrusek,Bal,RP,FA,20,1,5.87,1.57,0
444,Zach,Phillips,StL,RP,FA,28,1,4.32,1.52,0
445,Chaz,Roe,Atl,RP,FA,50,3,3.29,1.2,0
446,Fernando,Abad,Bos,RP,FA,35,2,3.73,1.29,5
447,Yohan,Flande,Col,"SP,",FA,--,--,--,--,--
448,Juan,Jaime,Atl,RP,FA,--,--,--,--,--
449,Atahualpa,Severino,LAA,RP,FA,--,--,--,--,--
450,JC,Ramirez,LAA,RP,FA,64,4,4.09,1.29,15
451,Nick,Hill,Sea,RP,FA,--,--,--,--,--
452,Yohan,Pino,KC,RP,FA,--,--,--,--,--
453,Tanner,Scheppers,Tex,RP,FA,30,2,5.05,1.41,8
454,Cody,Satterwhite,LAA,RP,FA,--,--,--,--,--
455,Zach,Putnam,CWS,RP,FA,49,2,3.27,1.27,4
456,Al,Alburquerque,KC,RP,FA,--,--,--,--,--
457,Bryan,Morris,SF,RP,FA,--,--,--,--,--
458,Hector,Noesi,CWS,SP,FA,--,--,--,--,--
459,Javy,Guerra,Mia,RP,FA,--,--,--,--,--
460,Matt,Nevarez,TB,RP,FA,--,--,--,--,--
461,Travis,Wood,KC,RP,FA,52,3,4.2,1.32,0
462,Blake,Parker,LAA,RP,FA,15,1,3.46,1.23,0
463,Jean,Machi,Sea,RP,FA,--,--,--,--,--
464,Casey,Kelly,ChC,"SP,",FA,--,--,--,--,--
465,Frank,Herrmann,Phi,RP,FA,17,1,5.4,1.45,0
466,Kelvin,De,La,,FA,--,--,--,--,--
467,Jacob,Turner,CWS,RP,FA,16,1,5.73,1.55,0
468,Kevin,Whelan,Oak,RP,FA,--,--,--,--,--
469,Jeremy,Bleich,Pit,RP,FA,--,--,--,--,--
470,Jenrry,Mejia,NYM,RP,FA,--,--,--,--,--
471,Alexi,Ogando,Atl,RP,FA,--,--,--,--,--
472,Erik,Cordier,Mia,RP,FA,--,--,--,--,--
473,Dan,Jennings,CWS,RP,FA,49,3,2.8,1.36,1
474,Ryan,Chaffee,Mia,RP,FA,--,--,--,--,--
475,Michael,Kohn,Atl,RP,FA,--,--,--,--,--
476,Michael,Kirkman,Mil,RP,FA,--,--,--,--,--
477,Simon,Castro,Oak,RP,FA,--,--,--,--,--
478,Cory,Luebke,CWS,RP,FA,--,--,--,--,--
479,Tommy,Layne,NYY,RP,FA,43,2,3.56,1.27,11
480,James,Russell,Cle,RP,FA,--,--,--,--,--
481,Kyle,Drabek,Ari,RP,FA,--,--,--,--,--
482,Charlie,Leesman,Pit,RP,FA,--,--,--,--,--
483,Christian,Friedrich,SD,SP,FA,122,7,4.44,1.44,0
484,Matt,Reynolds,SF,RP,FA,--,--,--,--,--
485,Danny,Farquhar,TB,RP,FA,46,2,3.83,1.3,5
486,Chad,Jenkins,Tor,RP,FA,--,--,--,--,--
487,Kenn,Kasparek,Pit,RP,FA,--,--,--,--,--
488,Anthony,Vasquez,Phi,SP,FA,--,--,--,--,--
489,Mike,Minor,KC,RP,FA,50,2,5.28,1.48,0
490,Chris,Hatcher,LAD,RP,FA,44,2,4.5,1.34,5
491,Fernando,Salas,NYM,RP,FA,66,3,4.11,1.27,15
492,Cory,Gearrin,SF,RP,FA,41,2,3.56,1.14,14
493,Juan,Sandoval,TB,RP,FA,--,--,--,--,--
494,Jay,Jackson,SD,RP,FA,--,--,--,--,--
495,Brian,Schlitter,Col,RP,FA,--,--,--,--,--
496,Chris,Withrow,KC,RP,FA,38,2,3.5,1.22,5
497,Andy,Oliver,Mil,RP,FA,--,--,--,--,--
498,Ethan,Martin,Phi,RP,FA,--,--,--,--,--
499,Scott,Barnes,ChC,RP,FA,--,--,--,--,--
500,Lester,Oliveros,Min,RP,FA,--,--,--,--,--
501,Blaine,Hardy,Det,RP,FA,19,2,3,1.25,0
502,Salvador,Sanchez,CWS,RP,FA,--,--,--,--,--
503,Scott,Rice,Ari,RP,FA,--,--,--,--,--
504,Pat,Urckfitz,Mia,RP,FA,--,--,--,--,--
505,Jhan,Marinez,Mil,RP,FA,56,4,3.8,1.41,0
506,Vance,Worley,Wsh,RP,FA,25,3,3.86,1.29,0
507,Gregory,Infante,Phi,RP,FA,--,--,--,--,--
508,Robert,Coello,NYY,SP,FA,--,--,--,--,--
509,Sandy,Rosario,SF,RP,FA,--,--,--,--,--
510,Brandon,Beachy,LAD,SP,FA,--,--,--,--,--
511,Steve,Cishek,Sea,RP,CV,37,2,3.16,1.16,8
512,Vinnie,Pestano,NYY,RP,FA,--,--,--,--,--
513,David,Carpenter,TB,RP,FA,--,--,--,--,--
514,Casey,Weathers,Cle,RP,FA,--,--,--,--,--
515,Nick,Hagadone,Sea,RP,FA,--,--,--,--,--
516,Sean,Doolittle,Oak,RP,FA,42,2,3.41,1.14,16
517,Maikel,Cleto,ChC,RP,FA,--,--,--,--,--
518,Brandon,Gomes,ChC,RP,FA,--,--,--,--,--
519,Evan,Scribner,Sea,RP,FA,53,3,3.18,1,5
520,Justin,De,"Fratus,",,FA,--,--,--,--,--
521,Dane,De,La,,FA,--,--,--,--,--
522,Arquimedes,Caminero,Sea,RP,FA,--,--,--,--,--
523,Scott,Diamond,Tor,"SP,",FA,--,--,--,--,--
524,Pedro,Beato,Phi,RP,FA,--,--,--,--,--
525,George,Kontos,SF,RP,FA,43,3,3.05,1.16,11
526,John,Lamb,LAA,SP,FA,--,--,--,--,--
527,Chris,Dwyer,KC,RP,FA,--,--,--,--,--
528,Juan,Oramas,Tor,SP,FA,--,--,--,--,--
529,Bryce,Stowell,TB,RP,FA,--,--,--,--,--
530,Jason,Stoffel,Pit,RP,FA,--,--,--,--,--
531,Ryan,Verdugo,Oak,RP,FA,--,--,--,--,--
532,Rob,Rasmussen,LAA,RP,FA,--,--,--,--,--
533,Miguel,Socolovich,StL,RP,FA,19,1,3.15,1.15,0
534,Justin,Wilson,Det,RP,FA,63,3,3.69,1.25,30
535,Sammy,Solis,Wsh,RP,FA,42,2,3.43,1.33,5
536,Henderson,Alvarez,Oak,SP,FA,--,--,--,--,--
537,Rubby,De,La,,FA,67,4,4.1,1.33,0
538,Jose,Casilla,SF,RP,FA,--,--,--,--,--
539,Jorge,De,"Leon,",,FA,--,--,--,--,--
540,Arcenio,Leon,CWS,RP,FA,--,--,--,--,--
541,Jordan,Lyles,Col,RP,FA,42,3,5.66,1.66,8
542,Adam,Reifer,TB,RP,FA,--,--,--,--,--
543,Jeff,Locke,Mia,RP,FA,64,4,4.44,1.4,0
544,Kyle,McPherson,TB,RP,FA,--,--,--,--,--
545,Scott,Carroll,Tex,RP,FA,--,--,--,--,--
546,Rudy,Owens,Oak,SP,FA,--,--,--,--,--
547,Fabio,Castillo,LAD,RP,FA,--,--,--,--,--
548,Bruce,Billings,Wsh,SP,FA,--,--,--,--,--
549,Rex,Brothers,ChC,RP,FA,--,--,--,--,--
550,Chris,Carpenter,Cin,RP,FA,--,--,--,--,--
551,Everett,Teaford,TB,RP,FA,--,--,--,--,--
552,Josh,Collmenter,Atl,RP,FA,41,3,3.79,1.28,0
553,Randall,Delgado,Ari,RP,FA,75,4,4.14,1.47,10
554,Wade,Miley,Bal,SP,ROCK,127,8,4.7,1.38,0
555,Jarred,Cosart,SD,SP,FA,35,2,4.92,1.58,0
556,Adam,Warren,NYY,RP,FA,57,3,3.95,1.21,15
557,Cesar,Cabral,Bal,RP,FA,--,--,--,--,--
558,Alberto,Cabrera,Det,RP,FA,--,--,--,--,--
559,Albert,Suarez,SF,"SP,",FA,54,4,4.14,1.35,0
560,Yoervis,Medina,Phi,RP,FA,--,--,--,--,--
561,Stolmy,Pimentel,NYM,RP,FA,--,--,--,--,--
562,Mike,Broadway,Wsh,RP,FA,--,--,--,--,--
563,Brett,Oberholtzer,Tor,RP,FA,46,3,5.59,1.53,0
564,Louis,Coleman,Cin,RP,FA,47,2,4.21,1.43,0
565,Allen,Webster,Tex,SP,FA,--,--,--,--,--
566,Elvin,Ramirez,LAA,RP,FA,--,--,--,--,--
567,Manny,Banuelos,LAA,SP,FA,--,--,--,--,--
568,Alex,Torres,Atl,RP,FA,--,--,--,--,--
569,Adam,Wilk,NYM,RP,FA,24,1,5.03,1.38,0
570,Wily,Peralta,Mil,SP,FA,119,7,4.9,1.51,0
571,Armando,Rodriguez,Tex,RP,FA,--,--,--,--,--
572,Anthony,Bass,Tex,RP,FA,--,--,--,--,--
573,Neil,Ramirez,SF,RP,FA,31,2,3.86,1.32,0
574,John,Gast,StL,SP,FA,--,--,--,--,--
575,Mark,Hamburger,Min,RP,FA,--,--,--,--,--
576,Jim,Henderson,ChC,RP,FA,40,2,4.8,1.49,10
577,Nathan,Eovaldi,TB,SP,FA,--,--,--,--,--
578,Donovan,Hand,Cin,RP,FA,--,--,--,--,--
579,Jake,Brigham,Atl,RP,FA,--,--,--,--,--
580,Matt,Lollis,CWS,RP,FA,--,--,--,--,--
581,Anthony,Ranaudo,CWS,SP,FA,--,--,--,--,--
582,Charles,Brewer,Sea,SP,FA,--,--,--,--,--
583,Neil,Wagner,TB,RP,FA,--,--,--,--,--
584,Trey,McNutt,SD,RP,FA,--,--,--,--,--
585,Drake,Britton,Det,RP,FA,--,--,--,--,--
586,Tyler,Matzek,Col,SP,FA,--,--,--,--,--
587,Zach,Lee,SD,RP,FA,12,1,6,1.5,0
588,Carlos,Hernandez,Oak,SP,FA,--,--,--,--,--
589,David,Carpenter,Atl,RP,FA,--,--,--,--,--
590,Jae-Hoon,Ha,ChC,RP,FA,--,--,--,--,--
591,Austin,Bibens-Dirkx,Tor,SP,FA,--,--,--,--,--
592,Justin,Miller,LAA,RP,FA,41,2,3.95,1.37,0
593,Nick,Christiani,Cin,RP,FA,--,--,--,--,--
594,Steven,Geltz,LAD,RP,FA,29,1,4.18,1.25,0
595,Donn,Roach,Oak,"SP,",FA,--,--,--,--,--
596,Blake,Smith,CWS,RP,FA,--,--,--,--,--
597,Joe,Ortiz,ChC,RP,FA,--,--,--,--,--
598,Brian,Moran,LAA,RP,FA,--,--,--,--,--
599,Luis,Avilan,LAD,RP,FA,16,1,4.2,1.4,3
600,Pat,Venditte,Sea,RP,FA,25,1,4.09,1.36,1
601,Jaye,Chapman,Mil,RP,FA,--,--,--,--,--
602,Brad,Boxberger,TB,RP,FWB,70,3,3.71,1.32,16
603,Jose,Ortega,Col,RP,FA,--,--,--,--,--
604,Tom,Wilhelmsen,Ari,RP,FA,47,2,4.58,1.4,14
605,Nate,Adcock,Bal,RP,FA,--,--,--,--,--
606,Cole,Kimball,Wsh,RP,FA,--,--,--,--,--
607,Ryan,Cook,Sea,RP,FA,16,1,5,1.5,0
608,Kevin,Munson,Ari,RP,FA,--,--,--,--,--
609,Nick,Vincent,Sea,RP,FA,62,3,3.41,1.12,23
610,Will,Smith,SF,RP,FA,49,2,3.43,1.31,22
611,Jared,Hughes,Pit,RP,FA,44,3,3.14,1.32,20
612,Alex,Wilson,Det,RP,FA,49,4,3,1.19,18
613,Colt,Hynes,Tor,RP,FA,--,--,--,--,--
614,Charlie,Furbush,Sea,RP,FA,--,--,--,--,--
615,Brad,Peacock,Hou,RP,FA,25,2,4.78,1.41,0
616,David,Holmberg,CWS,SP,FA,--,--,--,--,--
617,A.J.,Cole,Wsh,"RP,",FA,36,2,4.39,1.34,0
618,Blake,Perry,Ari,SP,FA,--,--,--,--,--
619,Erik,Davis,Ari,RP,FA,--,--,--,--,--
620,Zac,Rosscup,ChC,RP,FA,22,1,3.6,1.4,0
621,A.J.,Morris,Cin,RP,FA,--,--,--,--,--
622,Tim,Berry,Mia,SP,FA,--,--,--,--,--
623,Parker,Bridwell,Bal,"SP,",FA,--,--,--,--,--
624,Bobby,Bundy,Bal,RP,FA,--,--,--,--,--
625,Paul,Clemens,SD,"RP,",FA,69,4,4.82,1.43,0
626,Oliver,Drake,Bal,RP,FA,38,2,3.66,1.25,0
627,Aaron,Kurcz,Oak,RP,FA,--,--,--,--,--
628,Ashur,Tolliver,Hou,RP,FA,15,1,4.8,1.4,0
629,Zeke,Spruill,Bos,RP,FA,--,--,--,--,--
630,Ross,Seaton,Hou,SP,FA,--,--,--,--,--
631,Daniel,Tillman,Mil,RP,FA,--,--,--,--,--
632,Alex,Burgos,LAD,RP,FA,--,--,--,--,--
633,Peter,Tago,Sea,RP,FA,--,--,--,--,--
634,Austin,Adams,LAA,RP,FA,18,1,4.71,1.48,0
635,Pat,Dean,Min,"SP,",FA,--,--,--,--,--
636,Jose,Cisnero,Ari,RP,FA,--,--,--,--,--
637,Daniel,Corcino,ChC,SP,FA,--,--,--,--,--
638,Logan,Darnell,Min,RP,FA,--,--,--,--,--
639,Cory,Burns,Tor,RP,FA,--,--,--,--,--
640,Kevin,Chapman,Hou,RP,FA,20,1,4.5,1.5,0
641,Mike,Belfiore,Det,SP,FA,--,--,--,--,--
642,J.R.,Bradley,Ari,RP,FA,--,--,--,--,--
643,Taylor,Jordan,Wsh,RP,FA,--,--,--,--,--
644,Tommy,Milone,Mil,RP,FA,43,3,4.25,1.28,0
645,Justin,Nicolino,Mia,RP,FA,14,1,4.18,1.32,0
646,Danny,Rosenbaum,Bos,SP,FA,--,--,--,--,--
647,Austin,Brice,Cin,RP,FA,9,0,4.5,1.3,0
648,Edwar,Cabrera,Hou,RP,FA,--,--,--,--,--
649,Daniel,Webb,CWS,RP,FA,11,1,4.2,1.6,0
650,Asher,Wojciechowski,Mia,SP,FA,--,--,--,--,--
651,Erik,Goeddel,NYM,RP,FA,36,2,4.5,1.47,2
652,Roman,Mendez,Bos,RP,FA,--,--,--,--,--
653,Luke,Jackson,Atl,RP,FA,--,--,--,--,--
654,Justin,Grimm,ChC,RP,FA,66,3,3.57,1.29,14
655,Liam,Hendriks,Oak,RP,FA,60,3,3.27,1.17,8
656,Kyle,Lobstein,Mia,RP,FA,7,0,4.5,1.5,0
657,Jesse,Biddle,Atl,RP,FA,9,0,4.91,1.64,0
658,Vic,Black,NYM,RP,FA,--,--,--,--,--
659,Wilfredo,Boscan,Pit,"SP,",FA,--,--,--,--,--
660,Josh,Zeid,LAA,RP,FA,--,--,--,--,--
661,Madison,Younginer,LAD,RP,FA,--,--,--,--,--
662,Michael,Ynoa,CWS,RP,FA,34,3,3.94,1.48,0
663,Jose,De,"Paula,",,FA,--,--,--,--,--
664,Jake,Dunning,SF,SP,FA,--,--,--,--,--
665,Robbie,Erlin,SD,SP,FA,--,--,--,--,--
666,Anthony,Fernandez,Sea,SP,FA,--,--,--,--,--
667,Kendry,Flores,StL,"RP,",FA,10,1,4.5,1.5,0
668,Buddy,Baumann,SD,RP,FA,25,2,3.54,1.21,0
669,Preston,Guilmet,Det,RP,FA,--,--,--,--,--
670,Eric,Surkamp,Tex,"RP,",FA,--,--,--,--,--
671,Austin,Ross,Mil,RP,FA,--,--,--,--,--
672,J.C.,Sulbaran,StL,SP,FA,--,--,--,--,--
673,Tim,Melville,Cin,SP,FA,--,--,--,--,--
674,Zach,Neal,Oak,RP,FA,15,1,4.09,1.27,0
675,Phil,Irwin,Tex,SP,FA,--,--,--,--,--
676,Robert,Morey,Mia,SP,FA,--,--,--,--,--
677,Parker,Frazier,CWS,SP,FA,--,--,--,--,--
678,Jim,Fuller,Pit,RP,FA,--,--,--,--,--
679,Perci,Garner,Cle,RP,FA,16,1,4.5,1.44,0
680,Edgar,Olmos,Bos,RP,FA,--,--,--,--,--
681,Ismael,Guillon,Cin,SP,FA,--,--,--,--,--
682,Johnny,Hellweg,SD,SP,FA,--,--,--,--,--
683,Heath,Hembree,Bos,RP,FA,35,2,3.55,1.29,8
684,Jake,Petricka,CWS,RP,FA,--,--,--,--,--
685,Alex,Wimmers,Min,RP,FA,21,1,4.32,1.48,0
686,Jonathan,Pettibone,ChC,SP,FA,--,--,--,--,--
687,Mario,Hollands,Phi,RP,FA,--,--,--,--,--
688,Joe,Wieland,Sea,SP,FA,--,--,--,--,--
689,Chase,Whitley,TB,RP,FA,15,1,3.5,1.17,0
690,Edgar,Ibarra,LAA,RP,FA,--,--,--,--,--
691,Adys,Portillo,SD,RP,FA,--,--,--,--,--
692,Tyrell,Jenkins,SD,RP,FA,23,2,4.62,1.51,0
693,Tommy,Kahnle,CWS,RP,FA,55,2,3.81,1.42,4
694,Michael,Kickham,Tex,SP,FA,--,--,--,--,--
695,Nick,Kingham,Pit,SP,FA,24,2,3.77,1.32,0
696,Richard,Vargas,Sea,RP,FA,--,--,--,--,--
697,Ian,Krol,Atl,RP,FA,50,2,3.71,1.33,8
698,Shawn,Tolleson,TB,RP,FA,44,2,4.4,1.3,0
699,Braulio,Lara,Wsh,RP,FA,--,--,--,--,--
700,Matt,Magill,Cin,RP,FA,15,1,5.4,1.75,0
701,Brett,Marshall,Col,SP,FA,--,--,--,--,--
702,Tyler,Sturdevant,Oak,RP,FA,--,--,--,--,--
703,Bryan,Mitchell,NYY,SP,FWB,78,5,4.45,1.51,0
704,Ramon,Morla,Sea,RP,FA,--,--,--,--,--
705,Tommy,Shirley,Hou,SP,FA,--,--,--,--,--
706,Rob,Scahill,Mil,RP,FA,33,2,3.86,1.31,0
707,Keyvius,Sampson,Ari,RP,FA,29,2,4.64,1.55,0
708,Jimmy,Reyes,Tex,RP,FA,--,--,--,--,--
709,Andre,Rienzo,SD,RP,FA,14,1,4.5,1.56,0
710,Wilking,Rodriguez,NYY,RP,FA,--,--,--,--,--
711,Reinier,Roibal,Phi,RP,FA,--,--,--,--,--
712,Enny,Romero,Wsh,RP,FA,49,2,4.88,1.48,4
713,Seth,Rosin,Phi,RP,FA,--,--,--,--,--
714,Evan,Rutckyj,NYY,RP,FA,--,--,--,--,--
715,Adrian,Salcedo,Min,RP,FA,--,--,--,--,--
716,Deck,McGuire,StL,SP,FA,--,--,--,--,--
717,Loek,Van,"Mil,",,FA,--,--,--,--,--
718,Jarret,Martin,Mil,RP,FA,--,--,--,--,--
719,Cory,Rasmus,TB,RP,FA,23,1,4.09,1.36,0
720,Chris,Rusin,Col,RP,FA,52,4,4.38,1.39,0
721,Danny,Hultzen,Sea,SP,FA,--,--,--,--,--
722,Dylan,Axelrod,Mia,RP,FA,--,--,--,--,--
723,Steve,Delabar,Cle,RP,FA,--,--,--,--,--
724,Xavier,Cedeno,TB,RP,FA,49,2,3.07,1.18,22
725,Kyle,Lotzkar,Cin,RP,FA,--,--,--,--,--
726,Lucas,Luetge,Cin,RP,FA,--,--,--,--,--
727,Terry,Doyle,Bos,SP,FA,--,--,--,--,--
728,Matt,West,LAD,RP,FA,--,--,--,--,--
729,Ariel,Pena,Mil,"SP,",FA,--,--,--,--,--
730,Jeff,Beliveau,Tor,RP,FA,--,--,--,--,--
731,Stephen,Fife,Mia,"RP,",FA,--,--,--,--,--
732,Josh,Wall,CWS,RP,FA,--,--,--,--,--
733,Tsuyoshi,Wada,ChC,SP,FA,--,--,--,--,--
734,Rafael,Martin,Wsh,RP,FA,--,--,--,--,--
735,Jed,Bradley,Bal,RP,FA,10,1,4.2,1.33,0
736,Taylor,Jungmann,Mil,RP,FA,15,1,4.7,1.43,0
737,Robbie,Ross,"Jr.,",,FA,41,2,3.52,1.26,11
738,Chen-Chang,Lee,Col,RP,FA,--,--,--,--,--
739,Nick,Greenwood,ChC,RP,FA,--,--,--,--,--
740,Kevin,Siegrist,StL,RP,FA,63,3,3.14,1.21,23
741,Jordan,Swagerty,StL,RP,FA,--,--,--,--,--
742,Dustin,Molleken,Det,RP,FA,12,1,4.2,1.6,0
743,Sean,Gilmartin,NYM,RP,FA,17,1,5.14,1.43,0
744,Sam,Freeman,Atl,RP,FA,--,--,--,--,--
745,Pedro,Villarreal,Cin,RP,FA,--,--,--,--,--
746,Mitch,Lively,Wsh,RP,FA,--,--,--,--,--
747,Jarrett,Grube,Tor,SP,FA,--,--,--,--,--
748,Forrest,Snow,Mil,SP,FA,--,--,--,--,--
749,Matt,Purke,CWS,RP,FA,16,1,5.4,1.7,0
750,Jose,Alvarez,LAA,RP,FA,58,3,4.14,1.38,12
751,Evan,Marshall,Ari,RP,FA,--,--,--,--,--
752,Danny,Burawa,Atl,RP,FA,--,--,--,--,--
753,Ryan,Tepera,Tor,RP,FA,19,1,3.43,1.24,0
754,Ryan,Reid,Mia,RP,FA,--,--,--,--,--
755,Jorge,Reyes,SD,RP,FA,--,--,--,--,--
756,Rhiner,Cruz,Atl,RP,FA,--,--,--,--,--
757,Raul,Alcantara,Oak,SP,FA,13,1,4.5,1.3,0
758,Vicente,Campos,LAA,"SP,",FA,--,--,--,--,--
759,J.R.,Graham,NYY,RP,FA,--,--,--,--,--
760,Robert,Stephenson,Cin,SP,FA,37,2,4.95,1.48,0
761,Nick,Maronde,Mia,RP,FA,--,--,--,--,--
762,Matt,Barnes,Bos,RP,FA,60,3,4.13,1.39,14
763,Chris,Reed,Mia,RP,FA,--,--,--,--,--
764,Scott,Barlow,LAD,SP,FA,--,--,--,--,--
765,Adrian,Houser,Mil,RP,FA,--,--,--,--,--
766,Domingo,Tapia,NYM,RP,FA,--,--,--,--,--
767,Luis,Heredia,Pit,SP,FA,--,--,--,--,--
768,Taylor,Guerrieri,TB,RP,FA,41,4,3.68,1.3,0
769,Kyle,Crick,SF,RP,FA,--,--,--,--,--
770,Clayton,Blackburn,SF,SP,FA,--,--,--,--,--
771,Alex,Meyer,LAA,"RP,",FA,66,4,4.24,1.5,0
772,Erik,Johnson,SD,SP,FA,--,--,--,--,--
773,Jake,Diekman*,Tex,RP,FA,23,1,3.68,1.27,22
774,Jumbo,Diaz,Cin,RP,FA,59,3,3.51,1.27,4
775,Tony,Zych,Sea,RP,FA,35,2,3.55,1.33,0
776,Josh,Edgin,NYM,RP,FA,22,1,3.68,1.5,0
777,A.J.,Schugel,Pit,RP,FA,42,3,3.5,1.17,2
778,Bryan,Price,Cle,RP,FA,--,--,--,--,--
779,Andrew,McKirahan,Cin,RP,FA,9,1,4.09,1.45,0
780,Gerardo,Concepcion,ChC,RP,FA,--,--,--,--,--
781,Darin,Gorski,NYM,SP,FA,--,--,--,--,--
782,Logan,Bawcom,SD,RP,FA,--,--,--,--,--
783,Frank,Batista,ChC,SP,FA,--,--,--,--,--
784,Marcus,Hatley,StL,RP,FA,--,--,--,--,--
785,Zach,Thornton,NYM,RP,FA,--,--,--,--,--
786,Mike,Wright,Bal,SP,FA,43,4,4.5,1.33,0
787,Branden,Pinder,NYY,RP,FA,--,--,--,--,--
788,Mark,Montgomery,NYY,RP,FA,--,--,--,--,--
789,Jeff,Malm,TB,RP,FA,--,--,--,--,--
790,Jeremy,McBryde,LAA,RP,FA,--,--,--,--,--
791,Angel,Sanchez,Pit,SP,FA,--,--,--,--,--
792,Lisalverto,Bonilla,Cin,RP,FA,27,2,4.34,1.45,0
793,Thad,Weber,Det,SP,FA,--,--,--,--,--
794,Johan,Yan,Tex,RP,FA,--,--,--,--,--
795,Casey,Medlen,Mil,RP,FA,--,--,--,--,--
796,Kevin,Quackenbush,SD,RP,FA,50,3,3.72,1.28,11
797,Aaron,Loup,Tor,RP,FA,32,2,3.48,1.23,0
798,Chris,Jones,LAA,SP,FA,--,--,--,--,--
799,Mark,Lamm,Atl,RP,FA,--,--,--,--,--
800,Michael,Mariot,Phi,RP,FA,16,1,3.71,1.29,0
801,Carlos,Pimentel,SD,SP,FA,--,--,--,--,--
802,Rob,Wooten,Atl,RP,FA,--,--,--,--,--
803,Kenny,Faulk,Det,RP,FA,--,--,--,--,--
804,Colton,Murray,Phi,RP,FA,31,1,4.36,1.45,0
805,Caleb,Thielbar,Mia,RP,FA,--,--,--,--,--
806,Ruben,Alaniz,Det,RP,FA,--,--,--,--,--
807,Tyler,Knigge,Phi,RP,FA,--,--,--,--,--
808,Bo,Schultz,Tor,RP,FA,12,1,4.71,1.33,0
809,Keith,Hessler,SD,RP,FA,37,2,3.71,1.35,0
810,Brock,Huntzinger,Col,RP,FA,--,--,--,--,--
811,Brett,Bochy,SF,RP,FA,--,--,--,--,--
812,Eric,Eadington,LAD,SP,FA,--,--,--,--,--
813,Drew,Hayes,Cin,RP,FA,--,--,--,--,--
814,Victor,Mateo,Atl,SP,FA,--,--,--,--,--
815,Danny,Barnes,Tor,RP,FA,30,2,3.54,1.21,0
816,Dustin,Antolin,Wsh,RP,FA,--,--,--,--,--
817,C.J.,Riefenhauser,Hou,RP,FA,13,1,3.6,1.33,0
818,John,Church,NYM,RP,FA,--,--,--,--,--
819,Jerry,Sullivan,SD,RP,FA,--,--,--,--,--
820,J.J.,Hoover,Ari,RP,FA,--,--,--,--,--
821,A.J.,Griffin,Tex,RP,FA,90,5,5.03,1.42,0
822,Mickey,Storey,Tor,SP,FA,--,--,--,--,--
823,Jose,De,La,,FA,--,--,--,--,--
824,Hiram,Burgos,Mil,SP,FA,--,--,--,--,--
825,Paco,Rodriguez,Atl,RP,FA,--,--,--,--,--
826,Kyuji,Fujikawa,Tex,RP,FA,--,--,--,--,--
827,Curtis,Partch,Pit,RP,FA,--,--,--,--,--
828,Melvin,Mercedes,Det,RP,FA,--,--,--,--,--
829,Michael,Tonkin,Min,RP,FA,60,3,4.23,1.36,3
830,Michael,Blazek,Mil,RP,FA,36,2,4.71,1.57,5
831,Keith,Butler,StL,RP,FA,--,--,--,--,--
832,Carlos,Contreras,Cin,RP,FA,--,--,--,--,--
833,Eric,Fornataro,Wsh,RP,FA,--,--,--,--,--
834,David,Hale,Bal,"SP,",FA,--,--,--,--,--
835,Aaron,Northcraft,SD,RP,FA,--,--,--,--,--
836,Jose,Ramirez,Atl,RP,FA,41,2,3.69,1.49,0
837,Josh,Ravin,LAD,RP,FA,19,1,3.6,1.27,0
838,Francisco,Rondon,NYY,RP,FA,--,--,--,--,--
839,Nik,Turley,CWS,SP,FA,--,--,--,--,--
840,Justin,Marks,TB,RP,FA,14,1,4.5,1.5,0
841,Trey,Haley,Pit,RP,FA,--,--,--,--,--
842,T.J.,House,Tor,RP,FA,29,2,4.91,1.77,0
843,Chris,Heston,Sea,RP,FA,33,2,4.6,1.4,0
844,Johnny,Barbato,NYY,RP,FA,--,--,--,--,--
845,Matt,Stites,Ari,RP,FA,--,--,--,--,--
846,Gus,Schlosser,Col,RP,FA,--,--,--,--,--
847,Scott,Snodgress,LAA,RP,FA,--,--,--,--,--
848,Wirfin,Obispo,Mil,RP,FA,--,--,--,--,--
849,Daniel,Rodriguez,Bal,RP,FA,--,--,--,--,--
850,Adam,Liberatore,LAD,RP,FA,40,2,3.35,1.21,15
851,Kirby,Yates,LAA,RP,FA,45,2,4.29,1.38,0
852,Chad,Rogers,Cin,RP,FA,--,--,--,--,--
853,Ryan,Robowski,Det,RP,FA,--,--,--,--,--
854,Jonathan,Arias,Sea,RP,FA,--,--,--,--,--
855,Carson,Smith,Bos,RP,FA,34,2,2.9,1.19,4
856,Cory,Mazzoni,SD,RP,FA,--,--,--,--,--
857,Patrick,McCoy,Tor,RP,FA,--,--,--,--,--
858,Rafael,Montero,NYM,"RP,",FA,17,1,5.57,1.71,0
859,Adam,Morgan,Phi,RP,FA,43,2,4.69,1.35,0
860,Giovanni,Soto,CWS,RP,FA,19,1,4.5,1.55,0
861,Cody,Buckel,Tex,SP,FA,--,--,--,--,--
862,Seth,Maness,KC,RP,FA,--,--,--,--,--
863,Tyler,Lyons,StL,RP,FA,13,1,4.2,1.27,5
864,Matt,Tracy,NYY,RP,FA,--,--,--,--,--
865,Nick,Goody,Cle,RP,FA,29,1,4.13,1.29,0
866,Barret,Loux,ChC,SP,FA,--,--,--,--,--
867,Dayan,Diaz,Hou,RP,FA,--,--,--,--,--
868,Jorge,Rondon,Pit,RP,FA,--,--,--,--,--
869,Edwin,Escobar,Ari,RP,FA,--,--,--,--,--
870,Josh,Osich,SF,RP,FA,29,2,3.48,1.32,17
871,Hansel,Robles,NYM,RP,FA,75,4,3.79,1.33,14
872,Michael,Brady,Oak,SP,FA,--,--,--,--,--
873,Brian,Flynn*,KC,RP,FA,53,4,3.57,1.33,0
874,Andrew,Heaney,LAA,SP,FA,--,--,--,--,--
875,Raudel,Lazo,Mia,RP,FA,--,--,--,--,--
876,T.J.,McFarland,Bal,RP,FA,--,--,--,--,--
877,Jim,Patterson,TB,RP,FA,--,--,--,--,--
878,Max,Fried,Atl,SP,FA,--,--,--,--,--
879,Kyle,Zimmer,KC,RP,FA,21,1,4.09,1.32,0
880,Chase,Anderson,Mil,SP,FA,125,8,4.47,1.32,0
881,Corey,Black,ChC,RP,FA,--,--,--,--,--
882,Nick,Tepesch,Min,"RP,",FA,13,1,4.33,1.41,0
883,Eury,De,La,,FA,--,--,--,--,--
884,Shane,Greene,Det,RP,FA,23,1,4.18,1.36,8
885,Zach,Nuding,NYY,RP,FA,--,--,--,--,--
886,Vidal,Nuno,LAD,RP,FA,46,3,4.11,1.23,11
887,Mikey,O'Brien,NYY,SP,FA,--,--,--,--,--
888,Sean,Nolin,Mil,SP,FA,--,--,--,--,--
889,Buddy,Boshers,Min,RP,FA,41,2,4.17,1.27,0
890,R.J.,Alvarez,Tex,RP,FA,--,--,--,--,--
891,Mark,Sappington,TB,RP,FA,--,--,--,--,--
892,Jackson,Stephens,Cin,"RP,",FA,--,--,--,--,--
893,Mike,Bolsinger,Tor,RP,FA,80,4,4.92,1.49,0
894,Michael,Roth,SF,"SP,",FA,--,--,--,--,--
895,Angel,Castro,Oak,RP,FA,--,--,--,--,--
896,Bradin,Hagens,Ari,SP,FA,--,--,--,--,--
897,Andrew,Barbosa,Mil,RP,FA,--,--,--,--,--
898,Andrew,Albers,Min,"RP,",FA,12,1,4.95,1.55,0
899,Branden,Kline,Bal,SP,FA,--,--,--,--,--
900,Brian,Johnson,Bos,SP,FA,--,--,--,--,--
901,Juan,Paniagua,ChC,RP,FA,--,--,--,--,--
902,Kieran,Lovegrove,Cle,SP,FA,--,--,--,--,--
903,Martin,Agosta,SF,SP,FA,--,--,--,--,--
904,Miguel,Almonte,KC,RP,FA,--,--,--,--,--
905,Mike,Clevinger,Cle,RP,FA,47,3,4.19,1.4,0
906,Mitch,Brown,Cle,SP,FA,--,--,--,--,--
907,Montreal,Robertson,Det,RP,FA,--,--,--,--,--
908,Nick,Travieso,Cin,SP,FA,--,--,--,--,--
909,Onelki,Garcia,CWS,RP,FA,--,--,--,--,--
910,Paul,Blackburn,Oak,SP,FA,--,--,--,--,--
911,Pierce,Johnson,ChC,RP,FA,25,1,4.67,1.56,0
912,Tyler,Pike,Atl,SP,FA,--,--,--,--,--
913,Zack,Bird,Atl,SP,FA,--,--,--,--,--
914,Chris,Stratton,SF,"SP,",FA,--,--,--,--,--
915,Ross,Stripling,LAD,RP,FA,65,5,4.02,1.27,0
916,Andres,Santiago,ChC,RP,FA,--,--,--,--,--
917,Nolan,Sanburn,CWS,RP,FA,--,--,--,--,--
918,Walker,Weickel,SD,RP,FA,--,--,--,--,--
919,Zach,Eflin,Phi,RP,FA,39,3,4.25,1.15,0
920,Lucas,Sims,Atl,SP,FA,--,--,--,--,--
921,Andrew,Chafin,Ari,RP,FA,46,2,4.08,1.4,10
922,Chase,De,"Jong,",,FA,13,1,3,1.07,0
923,Matthew,Smoral,Tor,RP,FA,--,--,--,--,--
924,Chris,Beck,CWS,"SP,",FA,--,--,--,--,--
925,Clay,Holmes,Pit,SP,FA,--,--,--,--,--
926,Duane,Underwood,ChC,SP,FA,--,--,--,--,--
927,Eddie,Butler,ChC,RP,FA,22,2,4.91,1.42,0
928,Ben,Rowen,NYM,RP,FA,25,3,3.23,1.31,0
929,Chad,Bell,Det,"RP,",FA,--,--,--,--,--
930,Jason,Gurka,NYY,RP,FA,--,--,--,--,--
931,Chris,Martin,NYY,RP,FA,--,--,--,--,--
932,Edwin,Quirarte,SF,RP,FA,--,--,--,--,--
933,Ryan,O'Sullivan,Phi,RP,FA,--,--,--,--,--
934,Mike,Nesseth,Phi,RP,FA,--,--,--,--,--
935,Mike,Morin,LAA,RP,FA,59,3,3.79,1.21,14
936,Stephen,Kohlscheen,Mil,RP,FA,--,--,--,--,--
937,Noe,Ramirez,Bos,RP,FA,22,1,4.3,1.48,0
938,Brandon,Workman,Bos,SP,FA,--,--,--,--,--
939,Mitch,Harris,StL,RP,FA,--,--,--,--,--
940,Jack,Leathersich,ChC,RP,FA,20,1,4.2,1.47,0
941,Jeff,Walters,NYM,RP,FA,--,--,--,--,--
942,Jairo,Diaz,Col,RP,FA,14,1,4.8,1.47,0
943,Miguel,Celestino,Bos,RP,FA,--,--,--,--,--
944,Steven,Inch,Phi,RP,FA,--,--,--,--,--
945,Jhonathan,Ramos,Pit,SP,FA,--,--,--,--,--
946,Andrew,Robinson,Wsh,RP,FA,--,--,--,--,--
947,Aaron,Barrett,Wsh,RP,FA,36,2,3.6,1.23,0
948,Tyler,Wilson,Bal,RP,FA,29,2,4.6,1.36,0
949,Chasen,Shreve,NYY,RP,FA,43,2,3.69,1.23,5
950,Sam,Runion,TB,RP,FA,--,--,--,--,--
951,Jeffry,Antigua,ChC,SP,FA,--,--,--,--,--
952,Malcom,Culver,KC,RP,FA,--,--,--,--,--
953,Ryan,Kelly,Atl,RP,FA,--,--,--,--,--
954,Robby,Scott,Bos,RP,FA,27,2,3.44,1.24,5
955,Ryan,Pressly,Min,RP,FA,64,4,3.63,1.32,10
956,Bobby,LaFromboise,Phi,RP,FA,--,--,--,--,--
957,Sugar,Ray,"Marimon,",,FA,--,--,--,--,--
958,David,Martinez,Tex,RP,FA,--,--,--,--,--
959,Gonzalez,Germen,Col,RP,FA,--,--,--,--,--
960,Burch,Smith,TB,SP,FA,--,--,--,--,--
961,Jose,Dominguez,SF,RP,FA,28,1,4.8,1.57,0
962,Luis,Garcia,Phi,RP,FA,31,2,3.97,1.47,0
963,Miguel,Alfredo,"Gonzalez,",,FA,--,--,--,--,--
964,Eddie,Gamboa,Tex,RP,FA,29,3,3.32,1.37,0
965,Dallas,Beeler,ChC,RP,FA,10,1,4.2,1.47,0
966,Jayson,Aquino,Bal,RP,FA,10,1,4.2,1.47,0
967,Raul,Fernandez,Min,RP,FA,--,--,--,--,--
968,Kraig,Sitton,SF,RP,FA,--,--,--,--,--
969,Joely,Rodriguez,Phi,RP,FA,13,1,4.74,1.47,2
970,Casey,Sadler,Pit,SP,FA,--,--,--,--,--
971,Jose,Valdez,LAA,RP,FA,--,--,--,--,--
972,Luis,Cruz,Hou,SP,FA,--,--,--,--,--
973,Kevin,Shackelford,Cin,RP,FA,--,--,--,--,--
974,Brooks,Hall,Mil,SP,FA,--,--,--,--,--
975,Patrick,Schuster,LAD,RP,FA,9,1,4.09,1.45,0
976,Wei-Chung,Wang,Mil,SP,FA,--,--,--,--,--
977,Jake,Barrett,Ari,RP,FA,64,3,3.84,1.34,14
978,Drew,VerHagen,Det,RP,FA,10,1,4.5,1.44,0
979,Scott,Alexander,KC,RP,FA,31,3,3.89,1.39,0
980,Aaron,Brooks,ChC,RP,FA,11,1,4.8,1.4,0
981,Chase,Bradford,NYM,RP,FA,--,--,--,--,--
982,Adam,Kolarek,Atl,RP,FA,--,--,--,--,--
983,Logan,Verrett,Bal,"RP,",FA,51,3,5.05,1.47,0
984,Jason,Hursh,Atl,RP,FA,--,--,--,--,--
985,Lay,Batista,Atl,RP,FA,--,--,--,--,--
986,Cody,Martin,Sea,RP,FA,31,2,4.37,1.43,0
987,Shae,Simmons,Sea,RP,FA,32,2,3.09,1.28,0
988,Ian,Thomas,LAD,RP,FA,--,--,--,--,--
989,Ty,Blach,SF,SP,FA,25,2,4.3,1.39,0
990,Derek,Law,SF,RP,FA,50,3,2.89,1.16,18
991,Mark,Appel,Phi,SP,FA,--,--,--,--,--
992,Jake,Buchanan,ChC,RP,FA,9,1,4.8,1.33,0
993,Chris,Bassitt,Oak,SP,FA,9,1,4.09,1.36,0
994,Roenis,Elias,Bos,SP,FA,--,--,--,--,--
995,James,Gillheeney,Sea,SP,FA,--,--,--,--,--
996,Dominic,Leone,Tor,RP,FA,32,2,4.34,1.41,0
997,Sam,Gaviglio,Sea,SP,FA,--,--,--,--,--
998,Marco,Gonzales,StL,RP,FA,16,1,4.95,1.4,0
999,Tim,Cooney,Cle,RP,FA,12,1,4.24,1.29,0
1000,Zach,Petrick,StL,SP,FA,--,--,--,--,--
1001,Leonel,Campos,Tor,RP,FA,31,1,5,1.56,0
1002,Nick,Tropeano,LAA,SP,FA,--,--,--,--,--
1003,Marcus,Walden,Bos,"SP,",FA,--,--,--,--,--
1004,Armando,Rivero,Atl,RP,FA,24,1,3.79,1.42,0
1005,Eric,Jokisch,Tex,SP,FA,--,--,--,--,--
1006,Bryan,Evans,Mia,SP,FA,--,--,--,--,--
1007,Chris,Anderson,LAD,SP,FA,--,--,--,--,--
1008,Cody,Anderson,Cle,RP,FA,53,3,4.64,1.34,0
1009,Hunter,Harvey,Bal,SP,FA,--,--,--,--,--
1010,Rob,Kaminsky,StL,SP,FA,--,--,--,--,--
1011,Ben,Lively,Phi,SP,FA,--,--,--,--,--
1012,Adalberto,Mejia,Min,"SP,",FA,35,3,3.68,1.25,0
1013,David,Goforth,Mil,RP,FA,--,--,--,--,--
1014,Bobby,Wahl,Oak,RP,FA,--,--,--,--,--
1015,Henry,Owens,Bos,RP,FA,15,1,4.24,1.41,0
1016,Braden,Shipley,Ari,RP,FA,48,4,4.57,1.42,0
1017,Kohl,Stewart,Min,SP,FA,--,--,--,--,--
1018,Alberto,Tirado,Phi,RP,FA,--,--,--,--,--
1019,Devin,Williams,Mil,SP,FA,--,--,--,--,--
1020,Trey,Ball,Bos,SP,FA,--,--,--,--,--
1021,Ian,Clarkin,NYY,SP,FA,--,--,--,--,--
1022,Tyler,Danish,CWS,"SP,",FA,--,--,--,--,--
1023,Luiz,Gohara,Atl,SP,FA,--,--,--,--,--
1024,Severino,Gonzalez,Mia,"SP,",FA,--,--,--,--,--
1025,Felix,Jorge,Min,SP,FA,--,--,--,--,--
1026,Frankie,Montas,Oak,RP,FA,41,2,4.29,1.33,0
1027,Jonathon,Crawford,Cin,SP,FA,--,--,--,--,--
1028,Scott,Oberg,Col,RP,FA,--,--,--,--,--
1029,Ricardo,Sanchez,LAA,SP,FA,--,--,--,--,--
1030,Lewis,Thorpe,Min,SP,FA,--,--,--,--,--
1031,Nick,Wittgren,Mia,RP,FA,40,3,3.33,1.15,2
1032,Christian,Bergman,Sea,RP,FA,19,1,4.97,1.41,0
1033,Carlos,Frias,Cle,RP,FA,10,1,4.76,1.53,0
1034,Dalier,Hinojosa,Phi,RP,FA,--,--,--,--,--
1035,Tim,Crabbe,Ari,RP,FA,--,--,--,--,--
1036,David,Buchanan,Phi,SP,FA,--,--,--,--,--
1037,Tom,Windle,LAD,RP,FA,--,--,--,--,--
1038,Walker,Lockett,SD,"RP,",FA,--,--,--,--,--
1039,Joan,Gregorio,SF,RP,FA,--,--,--,--,--
1040,Jairo,Labourt,Det,SP,FA,--,--,--,--,--
1041,Ryne,Stanek,TB,SP,FA,--,--,--,--,--
1042,Trevor,Williams,Pit,RP,FA,13,1,3.79,1.37,0
1043,Dylan,Covey,CWS,RP,FA,17,1,4.05,1.45,0
1044,Paolo,Espino,Mil,"RP,",FA,--,--,--,--,--
1045,Kyle,Ryan,Det,RP,FA,34,3,3.86,1.23,8
1046,Chad,Green,NYY,SP,FA,89,5,4.07,1.23,0
1047,Keith,Couch,Bos,SP,FA,--,--,--,--,--
1048,Steve,Smith,LAD,RP,FA,--,--,--,--,--
1049,Boone,Whiting,StL,SP,FA,--,--,--,--,--
1050,Stephen,Shackleford,Sea,RP,FA,--,--,--,--,--
1051,Seth,Frankoff,ChC,"RP,",FA,--,--,--,--,--
1052,Sam,Tuivailala,StL,RP,FA,25,1,4.05,1.5,0
1053,Nick,Martinez,Tex,SP,FA,21,1,4.94,1.45,0
1054,Taylor,Hill,Wsh,RP,FA,--,--,--,--,--
1055,Taylor,Thompson,Oak,RP,FA,--,--,--,--,--
1056,Jimmie,Sherfy,Ari,RP,FA,--,--,--,--,--
1057,Scott,McGregor,Wsh,SP,FA,--,--,--,--,--
1058,Kyle,Crockett,Cle,RP,FA,14,1,4.5,1.44,0
1059,Hunter,Cervenka,Mia,RP,FA,19,1,3.15,1.35,4
1060,James,Hoyt,Hou,RP,FA,29,2,3,1.14,0
1061,Dan,Winkler,Atl,RP,FA,--,--,--,--,--
1062,James,Pazos,Sea,RP,FA,19,1,4,1.44,0
1063,Leuris,Gomez,Col,RP,FA,--,--,--,--,--
1064,Danny,Reynolds,LAA,RP,FA,--,--,--,--,--
1065,John,Cornely,Bos,RP,FA,--,--,--,--,--
1066,Spencer,Patton,FA,RP,FA,--,--,--,--,--
1067,Jon,Edwards,SD,RP,FA,--,--,--,--,--
1068,Giancarlo,Alvarado,NYM,"SP,",FA,--,--,--,--,--
1069,Keone,Kela,Tex,RP,FA,51,2,3.68,1.27,18
1070,Cody,Ege,LAA,RP,FA,12,1,4.5,1.64,0
1071,Shawn,Armstrong,Cle,RP,FA,17,1,3.86,1.43,0
1072,Toru,Murata,Cle,SP,FA,--,--,--,--,--
1073,Richard,Bleier,NYY,RP,FA,17,3,3.56,1.26,0
1074,Ryan,Dennick,LAD,RP,FA,--,--,--,--,--
1075,Brandon,Cunniff,Mia,RP,FA,15,1,3.5,1.33,4
1076,Ryan,Weber,Sea,RP,FA,20,2,3.89,1.3,0
1077,Wil,Browning,Tor,RP,FA,--,--,--,--,--
1078,Tyler,Waldron,StL,RP,FA,--,--,--,--,--
1079,Fabian,Williamson,Mia,RP,FA,--,--,--,--,--
1080,Mayckol,Guaipe,Sea,RP,FA,--,--,--,--,--
1081,Trevor,Gott,Wsh,RP,FA,14,1,4,1.39,0
1082,Chi,Chi,"Gonzalez,",,FA,8,1,5.79,1.5,0
1083,Chad,Smith,Tex,RP,FA,--,--,--,--,--
1084,Odrisamer,Despaigne,Mia,RP,FA,12,1,4.8,1.47,0
1085,Drew,Rucinski,Min,RP,FA,21,1,6,1.58,0
1086,Phil,Klein,Phi,RP,FA,--,--,--,--,--
1087,Caleb,Clay,LAA,SP,FA,--,--,--,--,--
1088,Buck,Farmer,Det,SP,FA,11,1,4.5,1.43,0
1089,Alex,Claudio,Tex,RP,FA,33,2,3.14,1.14,5
1090,Frank,Garces,SD,RP,FA,--,--,--,--,--
1091,John,Holdzkom,Pit,RP,FA,--,--,--,--,--
1092,Dario,Alvarez,Tex,RP,FA,20,1,6.63,1.63,0
1093,A.J.,Achter,Det,RP,FA,29,2,3.82,1.18,0
1094,Daniel,Coulombe,Oak,RP,FA,51,3,3.56,1.23,0
1095,Elvis,Araujo,Phi,RP,FA,--,--,--,--,--
1096,Matt,Grace,Wsh,RP,FA,21,2,3.67,1.33,0
1097,Nefi,Ogando,Cin,RP,FA,10,1,4.2,1.33,0
1098,Jason,Wheeler,Min,SP,FA,--,--,--,--,--
1099,Ryan,Merritt,Cle,RP,FA,17,2,4.2,1.23,0
1100,Angel,Nesbitt,Det,RP,FA,--,--,--,--,--
1101,Yean,Carlos,"Gil,",,FA,--,--,--,--,--
1102,Mike,Strong,Min,RP,FA,--,--,--,--,--
1103,Will,Locante,Ari,RP,FA,--,--,--,--,--
1104,Akeel,Morris,Atl,RP,FA,--,--,--,--,--
1105,Williams,Perez,ChC,RP,FA,38,3,3.93,1.31,0
1106,Gabriel,Ynoa,Bal,RP,FA,12,1,4.5,1.36,0
1107,Amir,Garrett,Cin,SP,FA,27,2,3.48,1.45,0
1108,Grayson,Garvin,TB,SP,FA,--,--,--,--,--
1109,Tayron,Guerrero,Mia,RP,FA,--,--,--,--,--
1110,Cody,Hall,Mia,RP,FA,--,--,--,--,--
1111,Raymond,Black,SF,RP,FA,--,--,--,--,--
1112,Jason,Garcia,Bal,RP,FA,--,--,--,--,--
1113,Jandel,Gustave,Hou,RP,FA,29,2,3.48,1.29,0
1114,David,Rollins,ChC,RP,FA,16,1,4.91,1.36,0
1115,Ryan,O'Rourke,Min,RP,FA,26,2,3.67,1.26,0
1116,Taylor,Rogers,Min,RP,FA,56,3,4.14,1.37,11
1117,Nate,Smith,LAA,SP,FA,--,--,--,--,--
1118,Adrian,Sampson,Tex,RP,FA,11,1,4.76,1.35,0
1119,Jon,Moscot,Cin,SP,FA,--,--,--,--,--
1120,Jordan,Jankowski,Hou,RP,FA,--,--,--,--,--
1121,Nick,Howard,Cin,RP,FA,--,--,--,--,--
1122,Brady,Rodgers,Hou,RP,FA,14,1,4.5,1.39,0
1123,Matt,Bowman,StL,RP,FA,54,3,3.55,1.3,14
1124,Jon,Velasquez,NYM,RP,FA,--,--,--,--,--
1125,Tyler,Pill,NYM,SP,FA,--,--,--,--,--
1126,Yoan,Lopez,Ari,SP,FA,--,--,--,--,--
1127,Joe,Mantiply,NYY,RP,FA,15,1,3,1.2,0
1128,Omar,Duran,Det,RP,FA,--,--,--,--,--
1129,Tyler,Olson,Cle,RP,FA,--,--,--,--,--
1130,Jordan,Pries,Sea,SP,FA,--,--,--,--,--
1131,Christian,Binford,KC,SP,FA,--,--,--,--,--
1132,Justin,Hancock,SD,SP,FA,--,--,--,--,--
1133,Chris,Rearick,SD,RP,FA,--,--,--,--,--
1134,Will,Roberts,Cle,SP,FA,--,--,--,--,--
1135,Tyler,Kolek,Mia,SP,FA,--,--,--,--,--
1136,Steven,Okert,SF,RP,FA,24,1,4.09,1.32,1
1137,Robert,Zarate,Pit,RP,FA,--,--,--,--,--
1138,Mitch,Keller,Pit,SP,FA,--,--,--,--,--
1139,Yoel,Mecias,Phi,SP,FA,--,--,--,--,--
1140,Keury,Mella,Cin,SP,FA,--,--,--,--,--
1141,Taylor,Williams,Mil,SP,FA,--,--,--,--,--
1142,Domingo,German,NYY,SP,FA,--,--,--,--,--
1143,Matt,Ramsey,Mia,RP,FA,--,--,--,--,--
1144,Nick,Burdi,Min,RP,FA,--,--,--,--,--
1145,Jacob,Lindgren,Atl,RP,FA,--,--,--,--,--
1146,Chris,Ellis,Atl,SP,FA,--,--,--,--,--
1147,Mike,Mayers,StL,RP,FA,13,1,4.5,1.44,0
1148,Spencer,Turnbull,Det,SP,FA,--,--,--,--,--
1149,Brady,Feigl,Atl,RP,FA,--,--,--,--,--
1150,Tyler,Wagner,Tex,RP,FA,8,1,4.85,1.38,0
1151,Antonio,Senzatela,Col,SP,FA,--,--,--,--,--
1152,Miguel,Diaz,SD,"RP,",FA,--,--,--,--,--
1153,Carson,Sands,ChC,RP,FA,--,--,--,--,--
1154,Elniery,Garcia,Phi,"RP,",FA,--,--,--,--,--
1155,Joe,Gatto,LAA,SP,FA,--,--,--,--,--
1156,Sean,Reid-Foley,Tor,RP,FA,--,--,--,--,--
1157,Stephen,Gonsalves,Min,SP,FA,--,--,--,--,--
1158,Joe,Jimenez,Det,RP,FA,--,--,--,--,--
1159,Marcos,Molina,NYM,SP,FA,--,--,--,--,--
1160,Michael,Kopech,CWS,SP,FA,--,--,--,--,--
1161,Kodi,Medeiros,Mil,RP,FA,--,--,--,--,--
1162,Dean,Kiekhefer,Sea,RP,FA,12,1,3.79,1.26,0
1163,Foster,Griffin,KC,SP,FA,--,--,--,--,--
1164,Marcos,Diplan,Mil,SP,FA,--,--,--,--,--
1165,Diego,Moreno,TB,RP,FA,--,--,--,--,--
1166,Dillon,Overton,Sea,RP,FA,20,1,5.09,1.39,0
1167,Tyler,Webb,Pit,RP,FA,19,1,4.26,1.37,0
1168,Spencer,Adams,CWS,SP,FA,--,--,--,--,--
1169,Victor,Alcantara,Det,SP,FA,--,--,--,--,--
1170,Touki,Toussaint,Atl,SP,FA,--,--,--,--,--
1171,Jen-Ho,Tseng,ChC,SP,FA,--,--,--,--,--
1172,Erick,Fedde,Wsh,SP,FA,--,--,--,--,--
1173,Matt,Imhof,Phi,SP,FA,--,--,--,--,--
1174,Tyler,Beede,SF,SP,FA,--,--,--,--,--
1175,Kyle,McGowin,Wsh,"RP,",FA,13,1,6.35,1.59,0
1176,Austin,Kubitza,Det,RP,FA,--,--,--,--,--
1177,Andrew,Bellatti,TB,RP,FA,--,--,--,--,--
1178,Justus,Sheffield,NYY,"RP,",FA,--,--,--,--,--
1179,Scott,Blewett,KC,SP,FA,--,--,--,--,--
1180,Ryan,Butler,SD,RP,FA,--,--,--,--,--
1181,Miguel,Castro,Col,RP,FA,--,--,--,--,--
1182,Ricardo,Pinto,Phi,SP,FA,--,--,--,--,--
1183,Tyler,Cravy,Mil,RP,FA,36,2,4.4,1.37,0
1184,Jorge,Lopez,Mil,SP,FA,--,--,--,--,--
1185,Brian,Ellington,Mia,RP,FA,18,1,3.6,1.33,0
1186,Franklyn,Kilome,Phi,SP,FA,--,--,--,--,--
1187,Jack,Flaherty,StL,SP,FA,--,--,--,--,--
1188,Kyle,Freeland,Col,RP,FA,20,2,5.18,1.45,0
1189,Grant,Holmes,LAD,SP,FA,--,--,--,--,--
1190,Jeff,Hoffman,Col,SP,FA,100,6,5.14,1.51,0
1191,Jarlin,Garcia,Mia,SP,FA,--,--,--,--,--
1192,Nick,Rumbelow,NYY,RP,FA,18,1,4.24,1.24,0
1193,Dylan,Floro,ChC,"SP,",FA,--,--,--,--,--
1194,Luis,Ortiz,Tex,RP,FA,--,--,--,--,--
1195,Kevin,Ziomek,Det,SP,FA,--,--,--,--,--
1196,Hobbs,Johnson,Mil,SP,FA,--,--,--,--,--
1197,Sean,Newcomb,Atl,SP,FA,--,--,--,--,--
1198,Stephen,Landazuri,Sea,SP,FA,--,--,--,--,--
1199,Scott,Copeland,Mia,SP,FA,--,--,--,--,--
1200,Kenny,Roberts,Phi,RP,FA,--,--,--,--,--
1201,Martire,Garcia,Tex,RP,FA,--,--,--,--,--
1202,Jon,Keller,Bal,RP,FA,--,--,--,--,--
1203,Cesar,Vargas,SD,"RP,",FA,64,4,3.65,1.3,0
1204,Tucker,Healy,Oak,RP,FA,--,--,--,--,--
1205,Taylor,Garrison,NYY,SP,FA,--,--,--,--,--
1206,Matt,Anderson,Sea,RP,FA,--,--,--,--,--
1207,Andrew,Thurman,Atl,SP,FA,--,--,--,--,--
1208,Marcel,Prado,Bal,RP,FA,--,--,--,--,--
1209,Michael,Jensen,ChC,RP,FA,--,--,--,--,--
1210,Caleb,Cotham,Cin,RP,FA,--,--,--,--,--
1211,Matt,Shelton,LAD,SP,FA,--,--,--,--,--
1212,Jesus,Pirela,Tex,RP,FA,--,--,--,--,--
1213,Scott,DeCecco,Sea,SP,FA,--,--,--,--,--
1214,Gabriel,Arias,Ari,SP,FA,--,--,--,--,--
1215,Paul,Fry,Sea,RP,FA,--,--,--,--,--
1216,Jaron,Long,NYY,SP,FA,--,--,--,--,--
1217,Trey,Cochran-Gill,Oak,RP,FA,--,--,--,--,--
1218,Tyson,Perez,Hou,RP,FA,--,--,--,--,--
1219,Jairo,Heredia,Atl,SP,FA,--,--,--,--,--
1220,Josh,McElwee,Tex,RP,FA,--,--,--,--,--
1221,Cody,Kendall,Tex,RP,FA,--,--,--,--,--
1222,Jose,Leclerc,Tex,RP,FA,22,1,4.29,1.52,0
1223,Brandon,Alger,SD,RP,FA,--,--,--,--,--
1224,Dan,Slania,SF,"RP,",FA,--,--,--,--,--
1225,Colin,Rea,SD,SP,FA,37,3,4,1.39,0
1226,Will,Lamb,CWS,RP,FA,--,--,--,--,--
1227,Brian,Rauh,Wsh,SP,FA,--,--,--,--,--
1228,Johan,Belisario,Det,RP,FA,--,--,--,--,--
1229,Tim,Adleman,Cin,SP,FA,116,7,4.5,1.27,0
1230,Ben,Klimesh,Cin,RP,FA,--,--,--,--,--
1231,El'Hajj,Muhammad,Cin,RP,FA,--,--,--,--,--
1232,Whit,Mayberry,Det,RP,FA,--,--,--,--,--
1233,Kurt,Spomer,LAA,RP,FA,--,--,--,--,--
1234,Greg,Mahle,LAA,RP,FA,19,1,6.38,1.54,0
1235,P.J.,Francescon,ChC,RP,FA,--,--,--,--,--
1236,Tyler,Rogers,SF,RP,FA,--,--,--,--,--
1237,Chris,Lee,Bal,SP,FA,--,--,--,--,--
1238,Nelson,Gonzalez,Col,RP,FA,--,--,--,--,--
1239,Michael,Johnson,LAD,RP,FA,--,--,--,--,--
1240,Fernando,Cruz,ChC,RP,FA,--,--,--,--,--
1241,Brian,Loconsole,LAA,RP,FA,--,--,--,--,--
1242,Grady,Wood,Sea,RP,FA,--,--,--,--,--
1243,Kody,Kerski,Sea,RP,FA,--,--,--,--,--
1244,Francisco,Mendoza,Tex,RP,FA,--,--,--,--,--
1245,Tom,Harlan,Pit,RP,FA,--,--,--,--,--
1246,Derek,Eitel,Wsh,RP,FA,--,--,--,--,--
1247,Silvino,Bracho,Ari,RP,FA,47,2,4.64,1.27,0
1248,Jake,Reed,Min,RP,FA,--,--,--,--,--
1249,Tyler,Kinley,Mia,RP,FA,--,--,--,--,--
1250,Grant,Sides,Cle,RP,FA,--,--,--,--,--
1251,Nate,Hyatt,LAA,RP,FA,--,--,--,--,--
1252,Zack,Weiss,Cin,RP,FA,--,--,--,--,--
1253,Paul,Voelker,Det,RP,FA,--,--,--,--,--
1254,Matt,Brazis,ChC,RP,FA,--,--,--,--,--
1255,Brady,Dragmire,Tex,RP,FA,9,1,4.76,1.53,0
1256,Yhonathan,Barrios,Mil,RP,FA,--,--,--,--,--
1257,David,Hess,Bal,SP,FA,--,--,--,--,--
1258,Jacob,Rhame,LAD,RP,FA,--,--,--,--,--
1259,Jace,Fry,CWS,SP,FA,--,--,--,--,--
1260,Gene,Escat,Bal,RP,FA,--,--,--,--,--
1261,Jeff,Ames,TB,RP,FA,--,--,--,--,--
1262,Damion,Carroll,TB,RP,FA,--,--,--,--,--
1263,Blake,McFarland,Tor,RP,FA,--,--,--,--,--
1264,Cole,Johnson,Min,RP,FA,--,--,--,--,--
1265,Evan,Mitchell,Cin,RP,FA,--,--,--,--,--
1266,Kyle,Bird,TB,RP,FA,--,--,--,--,--
1267,Jordan,Harrison,TB,RP,FA,--,--,--,--,--
1268,Zach,Cooper,TB,RP,FA,--,--,--,--,--
1269,Brad,Schreiber,TB,RP,FA,--,--,--,--,--
1270,Colton,Reavis,TB,RP,FA,--,--,--,--,--
1271,John,Kuchno,Pit,RP,FA,--,--,--,--,--
1272,Chris,O'Grady,Cin,RP,FA,--,--,--,--,--
1273,Shane,McCain,Tex,RP,FA,--,--,--,--,--
1274,Adam,Miller,Pit,RP,FA,--,--,--,--,--
1275,Robinson,Leyer,CWS,SP,FA,--,--,--,--,--
1276,Pat,Light,Pit,RP,FA,31,1,5.06,1.63,0
1277,Jonathan,Aro,Sea,RP,FA,--,--,--,--,--
1278,Taylor,Cole,Tor,SP,FA,--,--,--,--,--
1279,Anthony,Banda,Ari,SP,FA,--,--,--,--,--
1280,Andrew,Faulkner,Tex,RP,FA,15,1,4.5,1.5,0
1281,Joey,Krehbiel,Ari,RP,FA,--,--,--,--,--
1282,Brian,Clark,CWS,"SP,",FA,--,--,--,--,--
1283,Eduard,Santos,Oak,RP,FA,--,--,--,--,--
1284,Ben,Heller,NYY,RP,FA,15,1,3.6,1.13,0
1285,Guido,Knudson,Pit,RP,FA,--,--,--,--,--
1286,Josh,Smith,Oak,RP,FA,34,2,4.5,1.39,0
1287,Joel,De,La,,FA,16,1,4.71,1.43,0
1288,Jeff,Ferrell,Det,RP,FA,--,--,--,--,--
1289,Abel,De,Los,,FA,21,1,3.86,1.38,0
1290,Zack,Godley,Ari,RP,FA,62,3,4.86,1.43,0
1291,Matt,Marksberry,Atl,RP,FA,--,--,--,--,--
1292,Scott,McGough,Bal,RP,FA,--,--,--,--,--
1293,Josh,Smoker,NYM,RP,FA,47,2,4.62,1.46,0
1294,Enrique,Burgos,Ari,RP,FA,--,--,--,--,--
1295,John,Gant,StL,"SP,",FA,41,2,4.5,1.44,0
1296,Nick,Lee,Wsh,RP,FA,--,--,--,--,--
1297,Juan,Minaya,CWS,RP,FA,20,1,4.13,1.46,0
1298,David,Paulino,Hou,RP,FA,15,1,3.86,1.29,0
1299,Jose,Torres,SD,RP,FA,17,1,3.79,1.26,0
1300,Matt,Koch,Ari,RP,SLUG,10,1,5,1.39,0
1301,Jimmy,Cordero,Wsh,RP,FA,--,--,--,--,--
1302,Stephen,Johnson,Cin,RP,FA,--,--,--,--,--
1303,Brandon,Brennan,CWS,SP,FA,--,--,--,--,--
1304,J.B.,Wendelken,Oak,RP,FA,--,--,--,--,--
1305,J.T.,Chargois,Min,RP,FA,31,2,4.65,1.35,0
1306,Yorman,Landa,Min,RP,FA,--,--,--,--,--
1307,Mason,Melotakis,Min,RP,FA,--,--,--,--,--
1308,Randy,Rosario,Min,SP,FA,--,--,--,--,--
1309,Williams,Jerez,Bos,RP,FA,--,--,--,--,--
1310,Rookie,Davis,Cin,SP,FA,--,--,--,--,--
1311,Sal,Romano,Cin,SP,FA,--,--,--,--,--
1312,Carlos,Estevez,Col,RP,FA,58,3,4.66,1.43,14
1313,Alec,Mills,ChC,RP,FA,16,1,4,1.28,0
1314,Ian,Gardeck,SF,RP,FA,--,--,--,--,--
1315,Jake,Smith,SD,RP,FA,17,1,4.76,1.53,0
1316,Shawn,Morimando,Cle,"SP,",FA,--,--,--,--,--
1317,Dylan,Baker,Cle,SP,FA,--,--,--,--,--
1318,Jacob,Barnes,Mil,RP,FA,41,3,2.94,1.02,4
1319,Damien,Magnifico,Mil,RP,FA,12,1,4.2,1.53,0
1320,Jake,Esch,Mia,RP,FA,6,0,4.5,1.4,0
1321,Jacob,Faria,TB,SP,FA,--,--,--,--,--
1322,German,Marquez,Col,SP,FA,63,5,4.01,1.28,0
1323,Yohander,Mendez,Tex,SP,FA,9,1,3.27,1.27,0
1324,Edubray,Ramos,Phi,RP,FA,52,3,3.38,1.13,15
1325,Connor,Sadzeck,Tex,SP,FA,--,--,--,--,--
1326,Daniel,Stumpf,Det,RP,FA,13,1,3.46,1.23,0
1327,Josh,Martin,Cle,RP,FA,--,--,--,--,--
1328,Joe,Biagini,Tor,RP,FA,55,4,3,1.27,14
1329,Zach,Jones,Min,RP,FA,--,--,--,--,--
1330,Cody,Reed,Cin,SP,FA,70,4,4.31,1.34,0
1331,Brendan,McCurry,Hou,RP,FA,--,--,--,--,--
1332,Kelvin,Marte,Mia,"SP,",FA,--,--,--,--,--
1333,William,Cuevas,Det,"SP,",FA,--,--,--,--,--
1334,Aroni,Nina,SD,RP,FA,--,--,--,--,--
1335,Brooks,Pounders,LAA,"SP,",FA,17,1,3.71,1.35,0
1336,Sam,Selman,KC,RP,FA,--,--,--,--,--
1337,Ryan,Garton,TB,RP,FA,21,1,3.86,1.33,0
1338,Scott,Williams,Tex,RP,FA,--,--,--,--,--
1339,Myles,Jaye,Det,SP,FA,--,--,--,--,--
1340,Andury,Acevedo,ChC,RP,FA,--,--,--,--,--
1341,Carson,Fulmer,CWS,"SP,",FA,52,2,4.91,1.55,0
1342,Joe,Colon,Cle,RP,FA,19,1,4.68,1.48,0
1343,Sam,Coonrod,SF,"RP,",FA,--,--,--,--,--
1344,Felix,Pena,ChC,RP,FA,27,1,4.32,1.32,0
1345,James,Kaprielian,NYY,SP,FA,--,--,--,--,--
1346,Sam,Moll,Col,RP,FA,--,--,--,--,--
1347,Harrison,Musgrave,Col,SP,FA,--,--,--,--,--
1348,Miller,Diaz,Ari,SP,FA,--,--,--,--,--
1349,Matt,Carasiti,Col,RP,FA,33,2,4.64,1.42,0
1350,Brady,Lail,NYY,SP,FA,--,--,--,--,--
1351,Ryan,Williams,ChC,SP,FA,--,--,--,--,--
1352,Yaisel,Sierra,LAD,SP,FA,--,--,--,--,--
1353,Martires,Arias,SD,SP,FA,--,--,--,--,--
1354,Dylan,Cease,ChC,SP,FA,--,--,--,--,--
1355,Oscar,De,La,,FA,--,--,--,--,--
1356,Michael,Matuella,Tex,SP,FA,--,--,--,--,--
1357,Dillon,Tate,NYY,SP,FA,--,--,--,--,--
1358,Beau,Burrows,Det,SP,FA,--,--,--,--,--
1359,Warwick,Saupold,Det,"SP,",FA,--,--,--,--,--
1360,Chandler,Shepherd,Bos,RP,FA,--,--,--,--,--
1361,Adam,Ravenelle,Det,RP,FA,--,--,--,--,--
1362,Adam,Plutko,Cle,RP,FA,11,1,4.5,1.31,0
1363,Caleb,Dirks,LAD,RP,FA,--,--,--,--,--
1364,Austin,Voth,Wsh,SP,FA,--,--,--,--,--
1365,Kyle,Martin,Bos,RP,FA,--,--,--,--,--
1366,Layne,Somsen,LAD,RP,FA,--,--,--,--,--
1367,Jonathan,Dziedzic,KC,SP,FA,--,--,--,--,--
1368,Chase,Johnson,SF,SP,FA,--,--,--,--,--
1369,Trey,Nielsen,StL,SP,FA,--,--,--,--,--
1370,Jaime,Schultz,TB,RP,FA,20,1,4.24,1.47,0
1371,Conner,Greene,Tor,SP,FA,--,--,--,--,--
1372,Chad,Girodo,Tor,RP,FA,--,--,--,--,--
1373,Daniel,Gibson,Ari,RP,FA,--,--,--,--,--
1374,Tyler,Mahle,Cin,SP,FA,--,--,--,--,--
1375,Anderson,Espinoza,SD,SP,FA,--,--,--,--,--
1376,Francis,Martes,Hou,SP,FA,--,--,--,--,--
1377,Kolby,Allard,Atl,SP,FA,--,--,--,--,--
1378,Tyler,Jay,Min,SP,FA,--,--,--,--,--
1379,Brady,Aiken,Cle,SP,FA,--,--,--,--,--
1380,Alex,Young,Ari,SP,FA,--,--,--,--,--
1381,Michael,Soroka,Atl,SP,FA,--,--,--,--,--
1382,Triston,McKenzie,Cle,SP,FA,--,--,--,--,--
1383,Nolan,Watson,KC,SP,FA,--,--,--,--,--
1384,Ashe,Russell,KC,SP,FA,--,--,--,--,--
1385,Jake,Jewell,LAA,SP,FA,--,--,--,--,--
1386,Grayson,Long,LAA,SP,FA,--,--,--,--,--
1387,Jordan,Holloway,Mia,SP,FA,--,--,--,--,--
1388,Cody,Ponce,Mil,SP,FA,--,--,--,--,--
1389,Nathan,Kirby,Mil,SP,FA,--,--,--,--,--
1390,Domingo,Acevedo,NYY,SP,FA,--,--,--,--,--
1391,Casey,Meisner,Oak,SP,FA,--,--,--,--,--
1392,Adonis,Medina,Phi,SP,FA,--,--,--,--,--
1393,Logan,Allen,SD,SP,FA,--,--,--,--,--
1394,Austin,Smith,SD,SP,FA,--,--,--,--,--
1395,Nick,Neidert,Sea,SP,FA,--,--,--,--,--
1396,Andrew,Moore,Sea,SP,FA,--,--,--,--,--
1397,Phil,Bickford,Mil,SP,FA,--,--,--,--,--
1398,Junior,Fernandez,StL,SP,FA,--,--,--,--,--
1399,Justin,Maese,Tor,SP,FA,--,--,--,--,--
1400,Yadier,Alvarez,LAD,SP,FA,--,--,--,--,--
1401,Jonathan,Harris,Tor,SP,FA,--,--,--,--,--
1402,Jaime,Barria,LAA,SP,FA,--,--,--,--,--
1403,Shane,Carle,Col,SP,FA,--,--,--,--,--
1404,Paul,Sewald,NYM,RP,FA,--,--,--,--,--
1405,Daniel,Mengden,Oak,RP,FA,76,4,4.29,1.42,0
1406,Luis,Ysla,Bos,RP,FA,--,--,--,--,--
1407,Luis,Castillo,Cin,"RP,",FA,--,--,--,--,--
1408,Tanner,Scott,Bal,RP,FA,--,--,--,--,--
1409,Donnie,Hart,Bal,RP,FA,34,3,3.6,1.15,0
1410,Dan,Altavilla,Sea,RP,FA,54,3,3.35,1.16,0
1411,Richard,Rodriguez,Bal,RP,FA,--,--,--,--,--
1412,Jose,Valdespina,Tex,RP,FA,--,--,--,--,--
1413,Dylan,Unsworth,Sea,SP,FA,--,--,--,--,--
1414,Taylor,Clarke,Ari,SP,FA,--,--,--,--,--
1415,Gray,Fenter,Bal,SP,FA,--,--,--,--,--
1416,Clinton,Hollon,Tor,SP,FA,--,--,--,--,--
1417,Ariel,Jurado,Tex,SP,FA,--,--,--,--,--
1418,Jacob,Nix,SD,SP,FA,--,--,--,--,--
1419,Drew,Finley,NYY,SP,FA,--,--,--,--,--
1420,Jake,Woodford,StL,SP,FA,--,--,--,--,--
1421,Wei-Chieh,Huang,Ari,SP,FA,--,--,--,--,--
1422,Juan,Meza,Tor,SP,FA,--,--,--,--,--
1423,Brad,Keller,Ari,SP,FA,--,--,--,--,--
1424,Jordan,Johnson,SF,SP,FA,--,--,--,--,--
1425,Chih-Wei,Hu,TB,SP,FA,--,--,--,--,--
1426,Travis,Lakins,Bos,SP,FA,--,--,--,--,--
1427,Jio,Orozco,NYY,SP,FA,--,--,--,--,--
1428,Joe,Gunkel,Bal,SP,FA,--,--,--,--,--
1429,Osmer,Morales,LAA,"RP,",FA,--,--,--,--,--
1430,Andrew,Edwards,KC,RP,FA,--,--,--,--,--
1431,Steve,Hathaway,Ari,RP,FA,25,2,4.06,1.55,0
1432,Jamie,Callahan,Bos,RP,FA,--,--,--,--,--
1433,Kevin,McCarthy,KC,RP,FA,30,2,3.92,1.38,0
1434,Luke,Farrell,KC,SP,FA,--,--,--,--,--
1435,Conor,Mullee,ChC,RP,FA,20,1,3.6,1.3,0
1436,Justin,Haley,Min,"RP,",FA,10,1,4.15,1.38,0
1437,Mike,Hauschild,Tex,"RP,",FA,8,1,4.09,1.45,0
1438,Tim,Mayza,Tor,RP,FA,--,--,--,--,--
1439,Matt,Dermody,Tor,RP,FA,13,1,4.5,1.28,0
1440,Dovydas,Neverauskas,Pit,RP,FA,--,--,--,--,--
1441,Brad,Goldberg,CWS,RP,FA,--,--,--,--,--
1442,Reymin,Guduan,Hou,RP,FA,--,--,--,--,--
1443,Drew,Steckenrider,Mia,RP,FA,--,--,--,--,--
1444,Andrew,Kittredge,TB,RP,FA,--,--,--,--,--
1445,Johendi,Jiminian,Col,RP,FA,--,--,--,--,--
1446,Casey,Lawrence,Tor,"RP,",FA,--,--,--,--,--
1447,Zac,Curtis,Sea,RP,FA,26,1,4.29,1.43,0
1448,Daniel,Wright,LAA,RP,FA,27,1,4.94,1.39,0
1449,Brock,Stewart,LAD,RP,FA,28,2,4.03,1.34,0
1450,Koda,Glover,Wsh,RP,FA,49,3,3.31,1.14,0
1451,Rob,Whalen,Sea,RP,FA,27,2,4.06,1.29,0
1452,Brent,Suter,Mil,RP,FA,11,1,3.68,1.18,0
1453,Rob,Zastryzny,ChC,RP,FA,20,1,4.5,1.38,0
1454,Wandy,Peralta,Cin,RP,FA,21,2,4.35,1.52,0
1455,Nick,Pivetta,Phi,SP,FA,--,--,--,--,--
1456,Ronald,Herrera,NYY,"RP,",FA,--,--,--,--,--
1457,Ariel,Hernandez,Cin,RP,FA,--,--,--,--,--
1458,Barrett,Astin,Cin,"RP,",FA,--,--,--,--,--
1459,Jose,Rosario,ChC,RP,FA,--,--,--,--,--
1460,Keynan,Middleton,LAA,RP,FA,--,--,--,--,--
1461,Austin,Adams,Wsh,RP,FA,--,--,--,--,--
1462,Eduardo,Paredes,LAA,RP,FA,--,--,--,--,--
1463,Thyago,Vieira,Sea,RP,FA,--,--,--,--,--
1464,Dietrich,Enns,NYY,"RP,",FA,--,--,--,--,--
1465,Giovanny,Gallegos,NYY,RP,FA,--,--,--,--,--
1466,Yefrey,Ramirez,NYY,"RP,",FA,--,--,--,--,--
1467,Jesus,Liranzo,Bal,RP,FA,--,--,--,--,--
1468,Jake,Junis,KC,"RP,",FA,--,--,--,--,--
1469,Sandy,Baez,Det,"RP,",FA,--,--,--,--,--
1470,Fernando,Romero,Min,"RP,",FA,--,--,--,--,--
1471,Austin,Pruitt,TB,"RP,",FA,--,--,--,--,--
1472,Hunter,Wood,TB,"RP,",FA,--,--,--,--,--
1473,Jose,Alvarado,TB,RP,FA,--,--,--,--,--
1474,Yency,Almonte,Col,"RP,",FA,--,--,--,--,--
1475,Rayan,Gonzalez,Col,RP,FA,--,--,--,--,--
1476,Zach,Jemiola,Col,SP,FA,--,--,--,--,--
1477,Chris,Flexen,NYM,"RP,",FA,--,--,--,--,--
1478,Reyes,Moronta,SF,RP,FA,--,--,--,--,--
1479,Heath,Fillmyer,Oak,"RP,",FA,--,--,--,--,--
1480,Daniel,Gossett,Oak,"RP,",FA,--,--,--,--,--
1481,Kevin,Gadea,TB,"RP,",FA,--,--,--,--,--
1482,Tyler,Jones,Ari,RP,FA,--,--,--,--,--
1483,Glenn,Sparkman,Tor,"RP,",FA,--,--,--,--,--
1484,Hoby,Milner,Cle,RP,FA,--,--,--,--,--
1485,Alejandro,Chacin,Cin,RP,FA,--,--,--,--,--
1486,Jimmy,Herget,Cin,RP,FA,--,--,--,--,--
1487,Nick,Routt,Cin,RP,FA,--,--,--,--,--
1488,Yender,Caramo,KC,"RP,",FA,--,--,--,--,--
1489,Eric,Skoglund,KC,"RP,",FA,--,--,--,--,--
1490,Frank,Duncan,Ari,"RP,",FA,--,--,--,--,--
1491,Eric,Stout,KC,RP,FA,--,--,--,--,--
1492,Tyler,Eppler,Pit,"RP,",FA,--,--,--,--,--
1493,Jared,Lakind,Pit,RP,FA,--,--,--,--,--
1494,Victor,Arano,Phi,RP,FA,--,--,--,--,--
1495,P.J.,Conlon,NYM,"RP,",FA,--,--,--,--,--
1496,David,Roseboom,NYM,RP,FA,--,--,--,--,--
1497,Corey,Taylor,NYM,RP,FA,--,--,--,--,--
1498,Cy,Sneed,Hou,"RP,",FA,--,--,--,--,--
1499,Edison,Frias,Hou,"RP,",FA,--,--,--,--,--
1500,Brian,Holmes,Hou,"RP,",FA,--,--,--,--,--
1501,Aaron,West,Hou,RP,FA,--,--,--,--,--
1502,Aaron,Bummer,CWS,RP,FA,--,--,--,--,--
1503,Patrick,Weigel,Atl,SP,FA,--,--,--,--,--
1504,James,Farris,Col,RP,FA,--,--,--,--,--
1505,Jhondaniel,Medina,ChC,"SP,",FA,--,--,--,--,--
1506,Austin,Maddox,Bos,RP,FA,--,--,--,--,--
1507,Drew,Gagnon,LAA,"SP,",FA,--,--,--,--,--
1508,Ryan,Castellani,Col,"RP,",FA,--,--,--,--,--
1509,Kevin,Grendell,LAA,RP,FA,--,--,--,--,--
1510,Jerry,Vasto,Col,RP,FA,--,--,--,--,--